2026-03-22 02:25:44,382:DEBUG:certbot._internal.main:certbot version: 2.9.0
2026-03-22 02:25:44,382:DEBUG:certbot._internal.main:Location of certbot entry point: /usr/bin/certbot
2026-03-22 02:25:44,382:DEBUG:certbot._internal.main:Arguments: ['-q', '--no-random-sleep-on-renew']
2026-03-22 02:25:44,382:DEBUG:certbot._internal.main:Discovered plugins: PluginsRegistry(PluginEntryPoint#manual,PluginEntryPoint#nginx,PluginEntryPoint#null,PluginEntryPoint#standalone,PluginEntryPoint#webroot)
2026-03-22 02:25:44,400:DEBUG:certbot._internal.log:Root logging level set at 40
2026-03-22 02:25:44,401:DEBUG:certbot._internal.display.obj:Notifying user: Processing /etc/letsencrypt/renewal/accredited.co.in.conf
2026-03-22 02:25:44,404:DEBUG:certbot._internal.plugins.selection:Requested authenticator None and installer None
2026-03-22 02:25:44,481:DEBUG:certbot._internal.storage:Should renew, less than 30 days before certificate expiry 2026-03-18 16:57:35 UTC.
2026-03-22 02:25:44,481:INFO:certbot._internal.renewal:Certificate is due for renewal, auto-renewing...
2026-03-22 02:25:44,481:DEBUG:certbot._internal.plugins.selection:Requested authenticator standalone and installer None
2026-03-22 02:25:44,481:DEBUG:certbot._internal.plugins.selection:Single candidate plugin: * standalone
Description: Runs an HTTP server locally which serves the necessary validation files under the /.well-known/acme-challenge/ request path. Suitable if there is no HTTP server already running. HTTP challenge only (wildcards not supported).
Interfaces: Authenticator, Plugin
Entry point: EntryPoint(name='standalone', value='certbot._internal.plugins.standalone:Authenticator', group='certbot.plugins')
Initialized: <certbot._internal.plugins.standalone.Authenticator object at 0x70da11b41a30>
Prep: True
2026-03-22 02:25:44,482:DEBUG:certbot._internal.plugins.selection:Selected authenticator <certbot._internal.plugins.standalone.Authenticator object at 0x70da11b41a30> and installer None
2026-03-22 02:25:44,482:INFO:certbot._internal.plugins.selection:Plugins selected: Authenticator standalone, Installer None
2026-03-22 02:25:44,655:DEBUG:certbot._internal.main:Picked account: <Account(RegistrationResource(body=Registration(key=None, contact=(), agreement=None, status=None, terms_of_service_agreed=None, only_return_existing=None, external_account_binding=None), uri='https://acme-v02.api.letsencrypt.org/acme/acct/2889967666', new_authzr_uri=None, terms_of_service=None), 3f20d240b6117a9a90f93992868e4805, Meta(creation_dt=datetime.datetime(2025, 12, 18, 15, 52, 45, tzinfo=<UTC>), creation_host='instance-20251218-1639', register_to_eff=None))>
2026-03-22 02:25:44,656:DEBUG:acme.client:Sending GET request to https://acme-v02.api.letsencrypt.org/directory.
2026-03-22 02:25:44,658:DEBUG:urllib3.connectionpool:Starting new HTTPS connection (1): acme-v02.api.letsencrypt.org:443
2026-03-22 02:25:45,399:DEBUG:urllib3.connectionpool:https://acme-v02.api.letsencrypt.org:443 "GET /directory HTTP/1.1" 200 1033
2026-03-22 02:25:45,399:DEBUG:acme.client:Received response:
HTTP 200
Server: nginx
Date: Sun, 22 Mar 2026 02:25:45 GMT
Content-Type: application/json
Content-Length: 1033
Connection: keep-alive
Cache-Control: public, max-age=0, no-cache
X-Frame-Options: DENY
Strict-Transport-Security: max-age=604800

{
  "GC6HPNZiljk": "https://community.letsencrypt.org/t/adding-random-entries-to-the-directory/33417",
  "keyChange": "https://acme-v02.api.letsencrypt.org/acme/key-change",
  "meta": {
    "caaIdentities": [
      "letsencrypt.org"
    ],
    "profiles": {
      "classic": "https://letsencrypt.org/docs/profiles#classic",
      "shortlived": "https://letsencrypt.org/docs/profiles#shortlived",
      "tlsclient": "https://letsencrypt.org/docs/profiles#tlsclient",
      "tlsserver": "https://letsencrypt.org/docs/profiles#tlsserver"
    },
    "termsOfService": "https://letsencrypt.org/documents/LE-SA-v1.6-August-18-2025.pdf",
    "website": "https://letsencrypt.org"
  },
  "newAccount": "https://acme-v02.api.letsencrypt.org/acme/new-acct",
  "newNonce": "https://acme-v02.api.letsencrypt.org/acme/new-nonce",
  "newOrder": "https://acme-v02.api.letsencrypt.org/acme/new-order",
  "renewalInfo": "https://acme-v02.api.letsencrypt.org/acme/renewal-info",
  "revokeCert": "https://acme-v02.api.letsencrypt.org/acme/revoke-cert"
}
2026-03-22 02:25:45,401:DEBUG:certbot._internal.display.obj:Notifying user: Renewing an existing certificate for accredited.co.in and www.accredited.co.in
2026-03-22 02:25:45,406:DEBUG:acme.client:Requesting fresh nonce
2026-03-22 02:25:45,406:DEBUG:acme.client:Sending HEAD request to https://acme-v02.api.letsencrypt.org/acme/new-nonce.
2026-03-22 02:25:45,650:DEBUG:urllib3.connectionpool:https://acme-v02.api.letsencrypt.org:443 "HEAD /acme/new-nonce HTTP/1.1" 200 0
2026-03-22 02:25:45,650:DEBUG:acme.client:Received response:
HTTP 200
Server: nginx
Date: Sun, 22 Mar 2026 02:25:45 GMT
Connection: keep-alive
Cache-Control: public, max-age=0, no-cache
Link: <https://acme-v02.api.letsencrypt.org/directory>;rel="index"
Replay-Nonce: pR9UrBEEkAXE3tZelc3uTG3QROx32av968SUNBDWnkbUvV8S66M
X-Frame-Options: DENY
Strict-Transport-Security: max-age=604800


2026-03-22 02:25:45,650:DEBUG:acme.client:Storing nonce: pR9UrBEEkAXE3tZelc3uTG3QROx32av968SUNBDWnkbUvV8S66M
2026-03-22 02:25:45,651:DEBUG:acme.client:JWS payload:
b'{\n  "identifiers": [\n    {\n      "type": "dns",\n      "value": "accredited.co.in"\n    },\n    {\n      "type": "dns",\n      "value": "www.accredited.co.in"\n    }\n  ]\n}'
2026-03-22 02:25:45,656:DEBUG:acme.client:Sending POST request to https://acme-v02.api.letsencrypt.org/acme/new-order:
{
  "protected": "eyJhbGciOiAiUlMyNTYiLCAia2lkIjogImh0dHBzOi8vYWNtZS12MDIuYXBpLmxldHNlbmNyeXB0Lm9yZy9hY21lL2FjY3QvMjg4OTk2NzY2NiIsICJub25jZSI6ICJwUjlVckJFRWtBWEUzdFplbGMzdVRHM1FST3gzMmF2OTY4U1VOQkRXbmtiVXZWOFM2Nk0iLCAidXJsIjogImh0dHBzOi8vYWNtZS12MDIuYXBpLmxldHNlbmNyeXB0Lm9yZy9hY21lL25ldy1vcmRlciJ9",
  "signature": "jmDPuwAizBTbZgwM_uE6XZXg0IIRmd05WMI2Wtmj0MmHjETaHhxYBBlAan2LgXfFtxFDRwfzeTe-eHzlM72nH82ENDryPDEVPZOeUgh3_DBv65XC2IkXamy0YioF4YFSzYGpQU2krb4VEEf5tremtr1j9d9EeZe9xLUp9EviXsHJFgJt--jF3r8bGdHtOGHKLnISVKVYPa1GZBoKp-WXR2PheOrqKRrBlzqt14737wEFT-GY7ihffibgS8CSAYEUxKnOo83B37xVoBjbbHSYTO3QDPQmPYHB74QsTDmJ5MJi9uHQ3RsZNRahbhqiAPIpeLZhIMa9qfNckD95kuo8dg",
  "payload": "ewogICJpZGVudGlmaWVycyI6IFsKICAgIHsKICAgICAgInR5cGUiOiAiZG5zIiwKICAgICAgInZhbHVlIjogImFjY3JlZGl0ZWQuY28uaW4iCiAgICB9LAogICAgewogICAgICAidHlwZSI6ICJkbnMiLAogICAgICAidmFsdWUiOiAid3d3LmFjY3JlZGl0ZWQuY28uaW4iCiAgICB9CiAgXQp9"
}
2026-03-22 02:25:45,929:DEBUG:urllib3.connectionpool:https://acme-v02.api.letsencrypt.org:443 "POST /acme/new-order HTTP/1.1" 201 501
2026-03-22 02:25:45,930:DEBUG:acme.client:Received response:
HTTP 201
Server: nginx
Date: Sun, 22 Mar 2026 02:25:45 GMT
Content-Type: application/json
Content-Length: 501
Connection: keep-alive
Boulder-Requester: 2889967666
Cache-Control: public, max-age=0, no-cache
Link: <https://acme-v02.api.letsencrypt.org/directory>;rel="index"
Location: https://acme-v02.api.letsencrypt.org/acme/order/2889967666/491546949151
Replay-Nonce: tWo_Kf9REt7xNtc4fi4cFJRneKfSC30IfLywW_me0KVNk1Bz7C4
X-Frame-Options: DENY
Strict-Transport-Security: max-age=604800

{
  "status": "pending",
  "expires": "2026-03-24T19:22:31Z",
  "identifiers": [
    {
      "type": "dns",
      "value": "accredited.co.in"
    },
    {
      "type": "dns",
      "value": "www.accredited.co.in"
    }
  ],
  "authorizations": [
    "https://acme-v02.api.letsencrypt.org/acme/authz/2889967666/674619277501",
    "https://acme-v02.api.letsencrypt.org/acme/authz/2889967666/674619277511"
  ],
  "finalize": "https://acme-v02.api.letsencrypt.org/acme/finalize/2889967666/491546949151"
}
2026-03-22 02:25:45,930:DEBUG:acme.client:Storing nonce: tWo_Kf9REt7xNtc4fi4cFJRneKfSC30IfLywW_me0KVNk1Bz7C4
2026-03-22 02:25:45,930:DEBUG:acme.client:JWS payload:
b''
2026-03-22 02:25:45,932:DEBUG:acme.client:Sending POST request to https://acme-v02.api.letsencrypt.org/acme/authz/2889967666/674619277501:
{
  "protected": "eyJhbGciOiAiUlMyNTYiLCAia2lkIjogImh0dHBzOi8vYWNtZS12MDIuYXBpLmxldHNlbmNyeXB0Lm9yZy9hY21lL2FjY3QvMjg4OTk2NzY2NiIsICJub25jZSI6ICJ0V29fS2Y5UkV0N3hOdGM0Zmk0Y0ZKUm5lS2ZTQzMwSWZMeXdXX21lMEtWTmsxQno3QzQiLCAidXJsIjogImh0dHBzOi8vYWNtZS12MDIuYXBpLmxldHNlbmNyeXB0Lm9yZy9hY21lL2F1dGh6LzI4ODk5Njc2NjYvNjc0NjE5Mjc3NTAxIn0",
  "signature": "WtK4bvKs8xCPi5BnPgqtAp-SEkoUEewSvBg_aPLFxpKISUtn1x8Noor3CXxefEG5IcGu5cjBXLypmK2oE0Qe6OpifaOj4Hdk7S_bK_s02NQHZJPQhO1c5oFtypiafS-jgOJaAqN3QMQeWhgpp306ockwsj1XiQ-8z2mADfBvZSB35_qdxzCQMXLbwUxvcMK9ukpjGMwjBhqCrRnKQzTVtYSdbNvEL3WEp7LwlYQkBclx8uAqRaw217Dj7a-0SFmy7ZiRP894NiL8rOQE1srzgKLSHKcl-6V4_QKdvlv1kmh5gEwgGw6P-YFkJmwHGeYw-yBOSVMwM2agSPM0Z3udWw",
  "payload": ""
}
2026-03-22 02:25:46,179:DEBUG:urllib3.connectionpool:https://acme-v02.api.letsencrypt.org:443 "POST /acme/authz/2889967666/674619277501 HTTP/1.1" 200 824
2026-03-22 02:25:46,180:DEBUG:acme.client:Received response:
HTTP 200
Server: nginx
Date: Sun, 22 Mar 2026 02:25:46 GMT
Content-Type: application/json
Content-Length: 824
Connection: keep-alive
Boulder-Requester: 2889967666
Cache-Control: public, max-age=0, no-cache
Link: <https://acme-v02.api.letsencrypt.org/directory>;rel="index"
Replay-Nonce: tWo_Kf9R5G0pE56I_tZ74uKzYRcVemd_T8dhyR7BXReqDLJDUN8
X-Frame-Options: DENY
Strict-Transport-Security: max-age=604800

{
  "identifier": {
    "type": "dns",
    "value": "accredited.co.in"
  },
  "status": "pending",
  "expires": "2026-03-24T19:22:31Z",
  "challenges": [
    {
      "type": "tls-alpn-01",
      "url": "https://acme-v02.api.letsencrypt.org/acme/chall/2889967666/674619277501/hyiYdQ",
      "status": "pending",
      "token": "WfgMUdGWAXelFjXd5QZ5CujU8B4X34xQ8XNbXXXfUI8"
    },
    {
      "type": "dns-01",
      "url": "https://acme-v02.api.letsencrypt.org/acme/chall/2889967666/674619277501/NEcoyw",
      "status": "pending",
      "token": "WfgMUdGWAXelFjXd5QZ5CujU8B4X34xQ8XNbXXXfUI8"
    },
    {
      "type": "http-01",
      "url": "https://acme-v02.api.letsencrypt.org/acme/chall/2889967666/674619277501/1KcMLA",
      "status": "pending",
      "token": "WfgMUdGWAXelFjXd5QZ5CujU8B4X34xQ8XNbXXXfUI8"
    }
  ]
}
2026-03-22 02:25:46,180:DEBUG:acme.client:Storing nonce: tWo_Kf9R5G0pE56I_tZ74uKzYRcVemd_T8dhyR7BXReqDLJDUN8
2026-03-22 02:25:46,180:DEBUG:acme.client:JWS payload:
b''
2026-03-22 02:25:46,182:DEBUG:acme.client:Sending POST request to https://acme-v02.api.letsencrypt.org/acme/authz/2889967666/674619277511:
{
  "protected": "eyJhbGciOiAiUlMyNTYiLCAia2lkIjogImh0dHBzOi8vYWNtZS12MDIuYXBpLmxldHNlbmNyeXB0Lm9yZy9hY21lL2FjY3QvMjg4OTk2NzY2NiIsICJub25jZSI6ICJ0V29fS2Y5UjVHMHBFNTZJX3RaNzR1S3pZUmNWZW1kX1Q4ZGh5UjdCWFJlcURMSkRVTjgiLCAidXJsIjogImh0dHBzOi8vYWNtZS12MDIuYXBpLmxldHNlbmNyeXB0Lm9yZy9hY21lL2F1dGh6LzI4ODk5Njc2NjYvNjc0NjE5Mjc3NTExIn0",
  "signature": "SJYHvvugPdWAsWWnCZ37hMQmpeJ-GDGIJHMuRcP3gQUuo2QYRMip7VYRaSeFif-kyMuA6eocaHJ4uigX5mJX3NT21f206mHUsOZgaLMjzywpf_-A-YZ-9OkpegMCWP_JHPCjRG8W-szn_pUyP4_1LtRUJt7GoXBj8sSrLBlWrLtdelKoUf-nE_4wZYj4SSuOPxmfZEYBsg0_enAoTtAQlXJArds60s2C9nwtIqpz5TeTymDwKpBpsoIPNMJKRISiV67db_5J1BO6aHTUSAaxmm3yqORDJ9x7PRbaraOVUBS9gfiVo6mq0yE8Nx9ZfA4YFnVTqLc2WviQorjVvvKx_g",
  "payload": ""
}
2026-03-22 02:25:46,427:DEBUG:urllib3.connectionpool:https://acme-v02.api.letsencrypt.org:443 "POST /acme/authz/2889967666/674619277511 HTTP/1.1" 200 828
2026-03-22 02:25:46,428:DEBUG:acme.client:Received response:
HTTP 200
Server: nginx
Date: Sun, 22 Mar 2026 02:25:46 GMT
Content-Type: application/json
Content-Length: 828
Connection: keep-alive
Boulder-Requester: 2889967666
Cache-Control: public, max-age=0, no-cache
Link: <https://acme-v02.api.letsencrypt.org/directory>;rel="index"
Replay-Nonce: tWo_Kf9RJkOBtbA6DDuksuLWBEFe3XPjESoGg8YwxH2Qi5JeOOo
X-Frame-Options: DENY
Strict-Transport-Security: max-age=604800

{
  "identifier": {
    "type": "dns",
    "value": "www.accredited.co.in"
  },
  "status": "pending",
  "expires": "2026-03-24T19:22:31Z",
  "challenges": [
    {
      "type": "tls-alpn-01",
      "url": "https://acme-v02.api.letsencrypt.org/acme/chall/2889967666/674619277511/obwaig",
      "status": "pending",
      "token": "g3tK_YXVa0ZARMfQ89EM3KWsmc2zvyPQ1S4fQYjqZXQ"
    },
    {
      "type": "dns-01",
      "url": "https://acme-v02.api.letsencrypt.org/acme/chall/2889967666/674619277511/M4nGcA",
      "status": "pending",
      "token": "g3tK_YXVa0ZARMfQ89EM3KWsmc2zvyPQ1S4fQYjqZXQ"
    },
    {
      "type": "http-01",
      "url": "https://acme-v02.api.letsencrypt.org/acme/chall/2889967666/674619277511/2Nc_yA",
      "status": "pending",
      "token": "g3tK_YXVa0ZARMfQ89EM3KWsmc2zvyPQ1S4fQYjqZXQ"
    }
  ]
}
2026-03-22 02:25:46,428:DEBUG:acme.client:Storing nonce: tWo_Kf9RJkOBtbA6DDuksuLWBEFe3XPjESoGg8YwxH2Qi5JeOOo
2026-03-22 02:25:46,428:INFO:certbot._internal.auth_handler:Performing the following challenges:
2026-03-22 02:25:46,428:INFO:certbot._internal.auth_handler:http-01 challenge for accredited.co.in
2026-03-22 02:25:46,428:INFO:certbot._internal.auth_handler:http-01 challenge for www.accredited.co.in
2026-03-22 02:25:46,429:DEBUG:acme.standalone:Failed to bind to :80 using IPv6
2026-03-22 02:25:46,429:DEBUG:acme.standalone:Failed to bind to :80 using IPv4
2026-03-22 02:25:46,432:DEBUG:certbot._internal.error_handler:Encountered exception:
Traceback (most recent call last):
  File "/usr/lib/python3/dist-packages/certbot/_internal/plugins/standalone.py", line 79, in run
    servers = acme_standalone.HTTP01DualNetworkedServers(
              ^^^^^^^^^^^^^^^^^^^^^^^^^^^^^^^^^^^^^^^^^^^
  File "/usr/lib/python3/dist-packages/acme/standalone.py", line 219, in __init__
    super().__init__(HTTP01Server, *args, **kwargs)
  File "/usr/lib/python3/dist-packages/acme/standalone.py", line 122, in __init__
    raise last_socket_err
  File "/usr/lib/python3/dist-packages/acme/standalone.py", line 97, in __init__
    server = ServerClass(*new_args, **kwargs)
             ^^^^^^^^^^^^^^^^^^^^^^^^^^^^^^^^
  File "/usr/lib/python3/dist-packages/acme/standalone.py", line 209, in __init__
    super().__init__(
  File "/usr/lib/python3/dist-packages/acme/standalone.py", line 201, in __init__
    super().__init__(*args, **kwargs)
  File "/usr/lib/python3.12/socketserver.py", line 457, in __init__
    self.server_bind()
  File "/usr/lib/python3.12/http/server.py", line 136, in server_bind
    socketserver.TCPServer.server_bind(self)
  File "/usr/lib/python3.12/socketserver.py", line 473, in server_bind
    self.socket.bind(self.server_address)
OSError: [Errno 98] Address already in use

During handling of the above exception, another exception occurred:

Traceback (most recent call last):
  File "/usr/lib/python3/dist-packages/certbot/_internal/plugins/standalone.py", line 170, in _try_perform_single
    return self._perform_single(achall)
           ^^^^^^^^^^^^^^^^^^^^^^^^^^^^
  File "/usr/lib/python3/dist-packages/certbot/_internal/plugins/standalone.py", line 176, in _perform_single
    servers, response = self._perform_http_01(achall)
                        ^^^^^^^^^^^^^^^^^^^^^^^^^^^^^
  File "/usr/lib/python3/dist-packages/certbot/_internal/plugins/standalone.py", line 185, in _perform_http_01
    servers = self.servers.run(port, challenges.HTTP01, listenaddr=addr)
              ^^^^^^^^^^^^^^^^^^^^^^^^^^^^^^^^^^^^^^^^^^^^^^^^^^^^^^^^^^
  File "/usr/lib/python3/dist-packages/certbot/_internal/plugins/standalone.py", line 82, in run
    raise errors.StandaloneBindError(error, port)
certbot.errors.StandaloneBindError: Problem binding to port 80: [Errno 98] Address already in use

During handling of the above exception, another exception occurred:

Traceback (most recent call last):
  File "/usr/lib/python3/dist-packages/certbot/_internal/auth_handler.py", line 88, in handle_authorizations
    resps = self.auth.perform(achalls)
            ^^^^^^^^^^^^^^^^^^^^^^^^^^
  File "/usr/lib/python3/dist-packages/certbot/_internal/plugins/standalone.py", line 164, in perform
    return [self._try_perform_single(achall) for achall in achalls]
            ^^^^^^^^^^^^^^^^^^^^^^^^^^^^^^^^
  File "/usr/lib/python3/dist-packages/certbot/_internal/plugins/standalone.py", line 172, in _try_perform_single
    _handle_perform_error(error)
  File "/usr/lib/python3/dist-packages/certbot/_internal/plugins/standalone.py", line 226, in _handle_perform_error
    raise errors.PluginError(msg)
certbot.errors.PluginError: Could not bind TCP port 80 because it is already in use by another process on this system (such as a web server). Please stop the program in question and then try again.

2026-03-22 02:25:46,432:DEBUG:certbot._internal.error_handler:Calling registered functions
2026-03-22 02:25:46,432:INFO:certbot._internal.auth_handler:Cleaning up challenges
2026-03-22 02:25:46,432:ERROR:certbot._internal.renewal:Failed to renew certificate accredited.co.in with error: Could not bind TCP port 80 because it is already in use by another process on this system (such as a web server). Please stop the program in question and then try again.
2026-03-22 02:25:46,435:DEBUG:certbot._internal.renewal:Traceback was:
Traceback (most recent call last):
  File "/usr/lib/python3/dist-packages/certbot/_internal/plugins/standalone.py", line 79, in run
    servers = acme_standalone.HTTP01DualNetworkedServers(
              ^^^^^^^^^^^^^^^^^^^^^^^^^^^^^^^^^^^^^^^^^^^
  File "/usr/lib/python3/dist-packages/acme/standalone.py", line 219, in __init__
    super().__init__(HTTP01Server, *args, **kwargs)
  File "/usr/lib/python3/dist-packages/acme/standalone.py", line 122, in __init__
    raise last_socket_err
  File "/usr/lib/python3/dist-packages/acme/standalone.py", line 97, in __init__
    server = ServerClass(*new_args, **kwargs)
             ^^^^^^^^^^^^^^^^^^^^^^^^^^^^^^^^
  File "/usr/lib/python3/dist-packages/acme/standalone.py", line 209, in __init__
    super().__init__(
  File "/usr/lib/python3/dist-packages/acme/standalone.py", line 201, in __init__
    super().__init__(*args, **kwargs)
  File "/usr/lib/python3.12/socketserver.py", line 457, in __init__
    self.server_bind()
  File "/usr/lib/python3.12/http/server.py", line 136, in server_bind
    socketserver.TCPServer.server_bind(self)
  File "/usr/lib/python3.12/socketserver.py", line 473, in server_bind
    self.socket.bind(self.server_address)
OSError: [Errno 98] Address already in use

During handling of the above exception, another exception occurred:

Traceback (most recent call last):
  File "/usr/lib/python3/dist-packages/certbot/_internal/plugins/standalone.py", line 170, in _try_perform_single
    return self._perform_single(achall)
           ^^^^^^^^^^^^^^^^^^^^^^^^^^^^
  File "/usr/lib/python3/dist-packages/certbot/_internal/plugins/standalone.py", line 176, in _perform_single
    servers, response = self._perform_http_01(achall)
                        ^^^^^^^^^^^^^^^^^^^^^^^^^^^^^
  File "/usr/lib/python3/dist-packages/certbot/_internal/plugins/standalone.py", line 185, in _perform_http_01
    servers = self.servers.run(port, challenges.HTTP01, listenaddr=addr)
              ^^^^^^^^^^^^^^^^^^^^^^^^^^^^^^^^^^^^^^^^^^^^^^^^^^^^^^^^^^
  File "/usr/lib/python3/dist-packages/certbot/_internal/plugins/standalone.py", line 82, in run
    raise errors.StandaloneBindError(error, port)
certbot.errors.StandaloneBindError: Problem binding to port 80: [Errno 98] Address already in use

During handling of the above exception, another exception occurred:

Traceback (most recent call last):
  File "/usr/lib/python3/dist-packages/certbot/_internal/renewal.py", line 540, in handle_renewal_request
    main.renew_cert(lineage_config, plugins, renewal_candidate)
  File "/usr/lib/python3/dist-packages/certbot/_internal/main.py", line 1550, in renew_cert
    renewed_lineage = _get_and_save_cert(le_client, config, lineage=lineage)
                      ^^^^^^^^^^^^^^^^^^^^^^^^^^^^^^^^^^^^^^^^^^^^^^^^^^^^^^
  File "/usr/lib/python3/dist-packages/certbot/_internal/main.py", line 131, in _get_and_save_cert
    renewal.renew_cert(config, domains, le_client, lineage)
  File "/usr/lib/python3/dist-packages/certbot/_internal/renewal.py", line 399, in renew_cert
    new_cert, new_chain, new_key, _ = le_client.obtain_certificate(domains, new_key)
                                      ^^^^^^^^^^^^^^^^^^^^^^^^^^^^^^^^^^^^^^^^^^^^^^
  File "/usr/lib/python3/dist-packages/certbot/_internal/client.py", line 428, in obtain_certificate
    orderr = self._get_order_and_authorizations(csr.data, self.config.allow_subset_of_names)
             ^^^^^^^^^^^^^^^^^^^^^^^^^^^^^^^^^^^^^^^^^^^^^^^^^^^^^^^^^^^^^^^^^^^^^^^^^^^^^^^
  File "/usr/lib/python3/dist-packages/certbot/_internal/client.py", line 496, in _get_order_and_authorizations
    authzr = self.auth_handler.handle_authorizations(orderr, self.config, best_effort)
             ^^^^^^^^^^^^^^^^^^^^^^^^^^^^^^^^^^^^^^^^^^^^^^^^^^^^^^^^^^^^^^^^^^^^^^^^^
  File "/usr/lib/python3/dist-packages/certbot/_internal/auth_handler.py", line 88, in handle_authorizations
    resps = self.auth.perform(achalls)
            ^^^^^^^^^^^^^^^^^^^^^^^^^^
  File "/usr/lib/python3/dist-packages/certbot/_internal/plugins/standalone.py", line 164, in perform
    return [self._try_perform_single(achall) for achall in achalls]
            ^^^^^^^^^^^^^^^^^^^^^^^^^^^^^^^^
  File "/usr/lib/python3/dist-packages/certbot/_internal/plugins/standalone.py", line 172, in _try_perform_single
    _handle_perform_error(error)
  File "/usr/lib/python3/dist-packages/certbot/_internal/plugins/standalone.py", line 226, in _handle_perform_error
    raise errors.PluginError(msg)
certbot.errors.PluginError: Could not bind TCP port 80 because it is already in use by another process on this system (such as a web server). Please stop the program in question and then try again.

2026-03-22 02:25:46,436:DEBUG:certbot._internal.display.obj:Notifying user: 
- - - - - - - - - - - - - - - - - - - - - - - - - - - - - - - - - - - - - - - -
2026-03-22 02:25:46,436:ERROR:certbot._internal.renewal:All renewals failed. The following certificates could not be renewed:
2026-03-22 02:25:46,436:ERROR:certbot._internal.renewal:  /etc/letsencrypt/live/accredited.co.in/fullchain.pem (failure)
2026-03-22 02:25:46,436:DEBUG:certbot._internal.display.obj:Notifying user: - - - - - - - - - - - - - - - - - - - - - - - - - - - - - - - - - - - - - - - -
2026-03-22 02:25:46,437:DEBUG:certbot._internal.log:Exiting abnormally:
Traceback (most recent call last):
  File "/usr/bin/certbot", line 33, in <module>
    sys.exit(load_entry_point('certbot==2.9.0', 'console_scripts', 'certbot')())
             ^^^^^^^^^^^^^^^^^^^^^^^^^^^^^^^^^^^^^^^^^^^^^^^^^^^^^^^^^^^^^^^^^^
  File "/usr/lib/python3/dist-packages/certbot/main.py", line 19, in main
    return internal_main.main(cli_args)
           ^^^^^^^^^^^^^^^^^^^^^^^^^^^^
  File "/usr/lib/python3/dist-packages/certbot/_internal/main.py", line 1894, in main
    return config.func(config, plugins)
           ^^^^^^^^^^^^^^^^^^^^^^^^^^^^
  File "/usr/lib/python3/dist-packages/certbot/_internal/main.py", line 1642, in renew
    renewed_domains, failed_domains = renewal.handle_renewal_request(config)
                                      ^^^^^^^^^^^^^^^^^^^^^^^^^^^^^^^^^^^^^^
  File "/usr/lib/python3/dist-packages/certbot/_internal/renewal.py", line 568, in handle_renewal_request
    raise errors.Error(
certbot.errors.Error: 1 renew failure(s), 0 parse failure(s)
2026-03-22 02:25:46,437:ERROR:certbot._internal.log:1 renew failure(s), 0 parse failure(s)
2026-03-22 15:37:47,585:DEBUG:certbot._internal.main:certbot version: 2.9.0
2026-03-22 15:37:47,586:DEBUG:certbot._internal.main:Location of certbot entry point: /usr/bin/certbot
2026-03-22 15:37:47,586:DEBUG:certbot._internal.main:Arguments: ['-q', '--no-random-sleep-on-renew']
2026-03-22 15:37:47,586:DEBUG:certbot._internal.main:Discovered plugins: PluginsRegistry(PluginEntryPoint#manual,PluginEntryPoint#nginx,PluginEntryPoint#null,PluginEntryPoint#standalone,PluginEntryPoint#webroot)
2026-03-22 15:37:47,646:DEBUG:certbot._internal.log:Root logging level set at 40
2026-03-22 15:37:47,649:DEBUG:certbot._internal.display.obj:Notifying user: Processing /etc/letsencrypt/renewal/accredited.co.in.conf
2026-03-22 15:37:47,651:DEBUG:certbot._internal.plugins.selection:Requested authenticator None and installer None
2026-03-22 15:37:47,686:DEBUG:certbot._internal.storage:Should renew, less than 30 days before certificate expiry 2026-03-18 16:57:35 UTC.
2026-03-22 15:37:47,687:INFO:certbot._internal.renewal:Certificate is due for renewal, auto-renewing...
2026-03-22 15:37:47,687:DEBUG:certbot._internal.plugins.selection:Requested authenticator standalone and installer None
2026-03-22 15:37:47,687:DEBUG:certbot._internal.plugins.selection:Single candidate plugin: * standalone
Description: Runs an HTTP server locally which serves the necessary validation files under the /.well-known/acme-challenge/ request path. Suitable if there is no HTTP server already running. HTTP challenge only (wildcards not supported).
Interfaces: Authenticator, Plugin
Entry point: EntryPoint(name='standalone', value='certbot._internal.plugins.standalone:Authenticator', group='certbot.plugins')
Initialized: <certbot._internal.plugins.standalone.Authenticator object at 0x7d4d61ab62d0>
Prep: True
2026-03-22 15:37:47,687:DEBUG:certbot._internal.plugins.selection:Selected authenticator <certbot._internal.plugins.standalone.Authenticator object at 0x7d4d61ab62d0> and installer None
2026-03-22 15:37:47,687:INFO:certbot._internal.plugins.selection:Plugins selected: Authenticator standalone, Installer None
2026-03-22 15:37:47,866:DEBUG:certbot._internal.main:Picked account: <Account(RegistrationResource(body=Registration(key=None, contact=(), agreement=None, status=None, terms_of_service_agreed=None, only_return_existing=None, external_account_binding=None), uri='https://acme-v02.api.letsencrypt.org/acme/acct/2889967666', new_authzr_uri=None, terms_of_service=None), 3f20d240b6117a9a90f93992868e4805, Meta(creation_dt=datetime.datetime(2025, 12, 18, 15, 52, 45, tzinfo=<UTC>), creation_host='instance-20251218-1639', register_to_eff=None))>
2026-03-22 15:37:47,867:DEBUG:acme.client:Sending GET request to https://acme-v02.api.letsencrypt.org/directory.
2026-03-22 15:37:47,869:DEBUG:urllib3.connectionpool:Starting new HTTPS connection (1): acme-v02.api.letsencrypt.org:443
2026-03-22 15:37:49,584:DEBUG:urllib3.connectionpool:https://acme-v02.api.letsencrypt.org:443 "GET /directory HTTP/1.1" 200 1033
2026-03-22 15:37:49,585:DEBUG:acme.client:Received response:
HTTP 200
Server: nginx
Date: Sun, 22 Mar 2026 15:37:49 GMT
Content-Type: application/json
Content-Length: 1033
Connection: keep-alive
Cache-Control: public, max-age=0, no-cache
X-Frame-Options: DENY
Strict-Transport-Security: max-age=604800

{
  "a3n2QsbBp_c": "https://community.letsencrypt.org/t/adding-random-entries-to-the-directory/33417",
  "keyChange": "https://acme-v02.api.letsencrypt.org/acme/key-change",
  "meta": {
    "caaIdentities": [
      "letsencrypt.org"
    ],
    "profiles": {
      "classic": "https://letsencrypt.org/docs/profiles#classic",
      "shortlived": "https://letsencrypt.org/docs/profiles#shortlived",
      "tlsclient": "https://letsencrypt.org/docs/profiles#tlsclient",
      "tlsserver": "https://letsencrypt.org/docs/profiles#tlsserver"
    },
    "termsOfService": "https://letsencrypt.org/documents/LE-SA-v1.6-August-18-2025.pdf",
    "website": "https://letsencrypt.org"
  },
  "newAccount": "https://acme-v02.api.letsencrypt.org/acme/new-acct",
  "newNonce": "https://acme-v02.api.letsencrypt.org/acme/new-nonce",
  "newOrder": "https://acme-v02.api.letsencrypt.org/acme/new-order",
  "renewalInfo": "https://acme-v02.api.letsencrypt.org/acme/renewal-info",
  "revokeCert": "https://acme-v02.api.letsencrypt.org/acme/revoke-cert"
}
2026-03-22 15:37:49,589:DEBUG:certbot._internal.display.obj:Notifying user: Renewing an existing certificate for accredited.co.in and www.accredited.co.in
2026-03-22 15:37:49,594:DEBUG:acme.client:Requesting fresh nonce
2026-03-22 15:37:49,594:DEBUG:acme.client:Sending HEAD request to https://acme-v02.api.letsencrypt.org/acme/new-nonce.
2026-03-22 15:37:49,830:DEBUG:urllib3.connectionpool:https://acme-v02.api.letsencrypt.org:443 "HEAD /acme/new-nonce HTTP/1.1" 200 0
2026-03-22 15:37:49,830:DEBUG:acme.client:Received response:
HTTP 200
Server: nginx
Date: Sun, 22 Mar 2026 15:37:49 GMT
Connection: keep-alive
Cache-Control: public, max-age=0, no-cache
Link: <https://acme-v02.api.letsencrypt.org/directory>;rel="index"
Replay-Nonce: tWo_Kf9RrfAyBt8MjpXAPlMSK_Xsso2in7GYIjassUFuYCvLF9w
X-Frame-Options: DENY
Strict-Transport-Security: max-age=604800


2026-03-22 15:37:49,830:DEBUG:acme.client:Storing nonce: tWo_Kf9RrfAyBt8MjpXAPlMSK_Xsso2in7GYIjassUFuYCvLF9w
2026-03-22 15:37:49,831:DEBUG:acme.client:JWS payload:
b'{\n  "identifiers": [\n    {\n      "type": "dns",\n      "value": "accredited.co.in"\n    },\n    {\n      "type": "dns",\n      "value": "www.accredited.co.in"\n    }\n  ]\n}'
2026-03-22 15:37:49,834:DEBUG:acme.client:Sending POST request to https://acme-v02.api.letsencrypt.org/acme/new-order:
{
  "protected": "eyJhbGciOiAiUlMyNTYiLCAia2lkIjogImh0dHBzOi8vYWNtZS12MDIuYXBpLmxldHNlbmNyeXB0Lm9yZy9hY21lL2FjY3QvMjg4OTk2NzY2NiIsICJub25jZSI6ICJ0V29fS2Y5UnJmQXlCdDhNanBYQVBsTVNLX1hzc28yaW43R1lJamFzc1VGdVlDdkxGOXciLCAidXJsIjogImh0dHBzOi8vYWNtZS12MDIuYXBpLmxldHNlbmNyeXB0Lm9yZy9hY21lL25ldy1vcmRlciJ9",
  "signature": "xaqVWzTAJI2g4P7TWK2Eyt5Z1esR4BkEMQKb-jiyW1e7wwvgWr42pu8DZw9Ir3tqThSbLO57HWVGJA0wZutsn_xtQxil78c6XAQfNRCj2x9E8pdeuTyJOV_VltVdlolUaMJO4zxEVWLGxhW_A-1RVkXijbBAZ7pyh4irjMor6zk_NhFeRtai6BfPcSeOsqpPoafBCm2xhZXtGmwAmUkf6mI95y3iSEBIMvVSn96hQlqoxjOqA1Iz1APa10KzGXcP43O5MWJPaYelbCLBE8ksbkQcXxkUEJ4T6CgjoUNshx3dsbTQlNO9V3angENqbe_3r4mkhXhhQLM5aCi_jIahDw",
  "payload": "ewogICJpZGVudGlmaWVycyI6IFsKICAgIHsKICAgICAgInR5cGUiOiAiZG5zIiwKICAgICAgInZhbHVlIjogImFjY3JlZGl0ZWQuY28uaW4iCiAgICB9LAogICAgewogICAgICAidHlwZSI6ICJkbnMiLAogICAgICAidmFsdWUiOiAid3d3LmFjY3JlZGl0ZWQuY28uaW4iCiAgICB9CiAgXQp9"
}
2026-03-22 15:37:50,104:DEBUG:urllib3.connectionpool:https://acme-v02.api.letsencrypt.org:443 "POST /acme/new-order HTTP/1.1" 201 501
2026-03-22 15:37:50,105:DEBUG:acme.client:Received response:
HTTP 201
Server: nginx
Date: Sun, 22 Mar 2026 15:37:49 GMT
Content-Type: application/json
Content-Length: 501
Connection: keep-alive
Boulder-Requester: 2889967666
Cache-Control: public, max-age=0, no-cache
Link: <https://acme-v02.api.letsencrypt.org/directory>;rel="index"
Location: https://acme-v02.api.letsencrypt.org/acme/order/2889967666/491546949151
Replay-Nonce: pR9UrBEERC_U2xcnlQNXzLQEhHqft5zIbV7fh5i2PctzBIYxKZI
X-Frame-Options: DENY
Strict-Transport-Security: max-age=604800

{
  "status": "pending",
  "expires": "2026-03-24T19:22:31Z",
  "identifiers": [
    {
      "type": "dns",
      "value": "accredited.co.in"
    },
    {
      "type": "dns",
      "value": "www.accredited.co.in"
    }
  ],
  "authorizations": [
    "https://acme-v02.api.letsencrypt.org/acme/authz/2889967666/674619277501",
    "https://acme-v02.api.letsencrypt.org/acme/authz/2889967666/674619277511"
  ],
  "finalize": "https://acme-v02.api.letsencrypt.org/acme/finalize/2889967666/491546949151"
}
2026-03-22 15:37:50,105:DEBUG:acme.client:Storing nonce: pR9UrBEERC_U2xcnlQNXzLQEhHqft5zIbV7fh5i2PctzBIYxKZI
2026-03-22 15:37:50,105:DEBUG:acme.client:JWS payload:
b''
2026-03-22 15:37:50,107:DEBUG:acme.client:Sending POST request to https://acme-v02.api.letsencrypt.org/acme/authz/2889967666/674619277501:
{
  "protected": "eyJhbGciOiAiUlMyNTYiLCAia2lkIjogImh0dHBzOi8vYWNtZS12MDIuYXBpLmxldHNlbmNyeXB0Lm9yZy9hY21lL2FjY3QvMjg4OTk2NzY2NiIsICJub25jZSI6ICJwUjlVckJFRVJDX1UyeGNubFFOWHpMUUVoSHFmdDV6SWJWN2ZoNWkyUGN0ekJJWXhLWkkiLCAidXJsIjogImh0dHBzOi8vYWNtZS12MDIuYXBpLmxldHNlbmNyeXB0Lm9yZy9hY21lL2F1dGh6LzI4ODk5Njc2NjYvNjc0NjE5Mjc3NTAxIn0",
  "signature": "bCl26uNFwJInoL2sgHKF3rwjs-g9s3oQXxAwDzR5VPgHp8YpDqqyz0ywwBgarNn-pO_8ZXWmGOXk85SEwR4xtDf8_Wqn24AkZl_IaAQP8VnyZNXt7KWzzKFrHOUyxkUHijMrPu-dXafLWZ54vSTsWzX30qs4Z3ehkdwcMSVwFMBxBxHBswlDRc564WW8WAAAhMpfgUz3JVtQ5LpTqllMFs8u174D-yOdRIVAJRmKm1HAUgIPzM_ZDd-hThv0dRtjc67WFC-F95o5YyE67EncMw1zUQk2_o0MnegBVu8coV7-fNsUAMmhhXEjUZvQlc1BeQVQnws05PtY6JQxy5_2ww",
  "payload": ""
}
2026-03-22 15:37:50,346:DEBUG:urllib3.connectionpool:https://acme-v02.api.letsencrypt.org:443 "POST /acme/authz/2889967666/674619277501 HTTP/1.1" 200 824
2026-03-22 15:37:50,347:DEBUG:acme.client:Received response:
HTTP 200
Server: nginx
Date: Sun, 22 Mar 2026 15:37:50 GMT
Content-Type: application/json
Content-Length: 824
Connection: keep-alive
Boulder-Requester: 2889967666
Cache-Control: public, max-age=0, no-cache
Link: <https://acme-v02.api.letsencrypt.org/directory>;rel="index"
Replay-Nonce: tWo_Kf9RM7aOpeQcCoF-s3GmqqfGcZI9i5XqlVtrLXAtfzPrYKo
X-Frame-Options: DENY
Strict-Transport-Security: max-age=604800

{
  "identifier": {
    "type": "dns",
    "value": "accredited.co.in"
  },
  "status": "pending",
  "expires": "2026-03-24T19:22:31Z",
  "challenges": [
    {
      "type": "tls-alpn-01",
      "url": "https://acme-v02.api.letsencrypt.org/acme/chall/2889967666/674619277501/hyiYdQ",
      "status": "pending",
      "token": "WfgMUdGWAXelFjXd5QZ5CujU8B4X34xQ8XNbXXXfUI8"
    },
    {
      "type": "http-01",
      "url": "https://acme-v02.api.letsencrypt.org/acme/chall/2889967666/674619277501/1KcMLA",
      "status": "pending",
      "token": "WfgMUdGWAXelFjXd5QZ5CujU8B4X34xQ8XNbXXXfUI8"
    },
    {
      "type": "dns-01",
      "url": "https://acme-v02.api.letsencrypt.org/acme/chall/2889967666/674619277501/NEcoyw",
      "status": "pending",
      "token": "WfgMUdGWAXelFjXd5QZ5CujU8B4X34xQ8XNbXXXfUI8"
    }
  ]
}
2026-03-22 15:37:50,347:DEBUG:acme.client:Storing nonce: tWo_Kf9RM7aOpeQcCoF-s3GmqqfGcZI9i5XqlVtrLXAtfzPrYKo
2026-03-22 15:37:50,347:DEBUG:acme.client:JWS payload:
b''
2026-03-22 15:37:50,349:DEBUG:acme.client:Sending POST request to https://acme-v02.api.letsencrypt.org/acme/authz/2889967666/674619277511:
{
  "protected": "eyJhbGciOiAiUlMyNTYiLCAia2lkIjogImh0dHBzOi8vYWNtZS12MDIuYXBpLmxldHNlbmNyeXB0Lm9yZy9hY21lL2FjY3QvMjg4OTk2NzY2NiIsICJub25jZSI6ICJ0V29fS2Y5Uk03YU9wZVFjQ29GLXMzR21xcWZHY1pJOWk1WHFsVnRyTFhBdGZ6UHJZS28iLCAidXJsIjogImh0dHBzOi8vYWNtZS12MDIuYXBpLmxldHNlbmNyeXB0Lm9yZy9hY21lL2F1dGh6LzI4ODk5Njc2NjYvNjc0NjE5Mjc3NTExIn0",
  "signature": "zpGFHLkhRDTTVOdSFQ50Fk8JPJ3qgY9o4uQNhqO9DM9H8ct1VZ-G6mPuIvQLoJwJehO2X7v2UUj7oY_qx1-m237MkO8AV67e-1nA1ltSx8MEyV0xVjIdkt616Q1iWYP7WVi_UD2KgFcsp0McI8xThusdkMMhCFJ5CVNhUPDKnLLEeG7EiV066rJ8xJ9vjO0-Vt50mjI0zfppKhRErntgocCkP75GcA7jHJKpz3cFsTYMBcsAMLzZY1DX2qP8Mm5Z_BXqTduChNBZwfHwC-5uq5V8IAEjCW2PeHeYYMRjjJSWwvTbdTKDu77VE0Z6DTZpvSt6jCXpFH6JvpusscZz8w",
  "payload": ""
}
2026-03-22 15:37:50,588:DEBUG:urllib3.connectionpool:https://acme-v02.api.letsencrypt.org:443 "POST /acme/authz/2889967666/674619277511 HTTP/1.1" 200 828
2026-03-22 15:37:50,588:DEBUG:acme.client:Received response:
HTTP 200
Server: nginx
Date: Sun, 22 Mar 2026 15:37:50 GMT
Content-Type: application/json
Content-Length: 828
Connection: keep-alive
Boulder-Requester: 2889967666
Cache-Control: public, max-age=0, no-cache
Link: <https://acme-v02.api.letsencrypt.org/directory>;rel="index"
Replay-Nonce: pR9UrBEEh_FyuKTQUDE0lLhHz4wWRFNPm2Hs4v1lEGMl2JGhTU4
X-Frame-Options: DENY
Strict-Transport-Security: max-age=604800

{
  "identifier": {
    "type": "dns",
    "value": "www.accredited.co.in"
  },
  "status": "pending",
  "expires": "2026-03-24T19:22:31Z",
  "challenges": [
    {
      "type": "tls-alpn-01",
      "url": "https://acme-v02.api.letsencrypt.org/acme/chall/2889967666/674619277511/obwaig",
      "status": "pending",
      "token": "g3tK_YXVa0ZARMfQ89EM3KWsmc2zvyPQ1S4fQYjqZXQ"
    },
    {
      "type": "http-01",
      "url": "https://acme-v02.api.letsencrypt.org/acme/chall/2889967666/674619277511/2Nc_yA",
      "status": "pending",
      "token": "g3tK_YXVa0ZARMfQ89EM3KWsmc2zvyPQ1S4fQYjqZXQ"
    },
    {
      "type": "dns-01",
      "url": "https://acme-v02.api.letsencrypt.org/acme/chall/2889967666/674619277511/M4nGcA",
      "status": "pending",
      "token": "g3tK_YXVa0ZARMfQ89EM3KWsmc2zvyPQ1S4fQYjqZXQ"
    }
  ]
}
2026-03-22 15:37:50,588:DEBUG:acme.client:Storing nonce: pR9UrBEEh_FyuKTQUDE0lLhHz4wWRFNPm2Hs4v1lEGMl2JGhTU4
2026-03-22 15:37:50,589:INFO:certbot._internal.auth_handler:Performing the following challenges:
2026-03-22 15:37:50,589:INFO:certbot._internal.auth_handler:http-01 challenge for accredited.co.in
2026-03-22 15:37:50,589:INFO:certbot._internal.auth_handler:http-01 challenge for www.accredited.co.in
2026-03-22 15:37:50,589:DEBUG:acme.standalone:Failed to bind to :80 using IPv6
2026-03-22 15:37:50,589:DEBUG:acme.standalone:Failed to bind to :80 using IPv4
2026-03-22 15:37:50,601:DEBUG:certbot._internal.error_handler:Encountered exception:
Traceback (most recent call last):
  File "/usr/lib/python3/dist-packages/certbot/_internal/plugins/standalone.py", line 79, in run
    servers = acme_standalone.HTTP01DualNetworkedServers(
              ^^^^^^^^^^^^^^^^^^^^^^^^^^^^^^^^^^^^^^^^^^^
  File "/usr/lib/python3/dist-packages/acme/standalone.py", line 219, in __init__
    super().__init__(HTTP01Server, *args, **kwargs)
  File "/usr/lib/python3/dist-packages/acme/standalone.py", line 122, in __init__
    raise last_socket_err
  File "/usr/lib/python3/dist-packages/acme/standalone.py", line 97, in __init__
    server = ServerClass(*new_args, **kwargs)
             ^^^^^^^^^^^^^^^^^^^^^^^^^^^^^^^^
  File "/usr/lib/python3/dist-packages/acme/standalone.py", line 209, in __init__
    super().__init__(
  File "/usr/lib/python3/dist-packages/acme/standalone.py", line 201, in __init__
    super().__init__(*args, **kwargs)
  File "/usr/lib/python3.12/socketserver.py", line 457, in __init__
    self.server_bind()
  File "/usr/lib/python3.12/http/server.py", line 136, in server_bind
    socketserver.TCPServer.server_bind(self)
  File "/usr/lib/python3.12/socketserver.py", line 473, in server_bind
    self.socket.bind(self.server_address)
OSError: [Errno 98] Address already in use

During handling of the above exception, another exception occurred:

Traceback (most recent call last):
  File "/usr/lib/python3/dist-packages/certbot/_internal/plugins/standalone.py", line 170, in _try_perform_single
    return self._perform_single(achall)
           ^^^^^^^^^^^^^^^^^^^^^^^^^^^^
  File "/usr/lib/python3/dist-packages/certbot/_internal/plugins/standalone.py", line 176, in _perform_single
    servers, response = self._perform_http_01(achall)
                        ^^^^^^^^^^^^^^^^^^^^^^^^^^^^^
  File "/usr/lib/python3/dist-packages/certbot/_internal/plugins/standalone.py", line 185, in _perform_http_01
    servers = self.servers.run(port, challenges.HTTP01, listenaddr=addr)
              ^^^^^^^^^^^^^^^^^^^^^^^^^^^^^^^^^^^^^^^^^^^^^^^^^^^^^^^^^^
  File "/usr/lib/python3/dist-packages/certbot/_internal/plugins/standalone.py", line 82, in run
    raise errors.StandaloneBindError(error, port)
certbot.errors.StandaloneBindError: Problem binding to port 80: [Errno 98] Address already in use

During handling of the above exception, another exception occurred:

Traceback (most recent call last):
  File "/usr/lib/python3/dist-packages/certbot/_internal/auth_handler.py", line 88, in handle_authorizations
    resps = self.auth.perform(achalls)
            ^^^^^^^^^^^^^^^^^^^^^^^^^^
  File "/usr/lib/python3/dist-packages/certbot/_internal/plugins/standalone.py", line 164, in perform
    return [self._try_perform_single(achall) for achall in achalls]
            ^^^^^^^^^^^^^^^^^^^^^^^^^^^^^^^^
  File "/usr/lib/python3/dist-packages/certbot/_internal/plugins/standalone.py", line 172, in _try_perform_single
    _handle_perform_error(error)
  File "/usr/lib/python3/dist-packages/certbot/_internal/plugins/standalone.py", line 226, in _handle_perform_error
    raise errors.PluginError(msg)
certbot.errors.PluginError: Could not bind TCP port 80 because it is already in use by another process on this system (such as a web server). Please stop the program in question and then try again.

2026-03-22 15:37:50,601:DEBUG:certbot._internal.error_handler:Calling registered functions
2026-03-22 15:37:50,601:INFO:certbot._internal.auth_handler:Cleaning up challenges
2026-03-22 15:37:50,602:ERROR:certbot._internal.renewal:Failed to renew certificate accredited.co.in with error: Could not bind TCP port 80 because it is already in use by another process on this system (such as a web server). Please stop the program in question and then try again.
2026-03-22 15:37:50,608:DEBUG:certbot._internal.renewal:Traceback was:
Traceback (most recent call last):
  File "/usr/lib/python3/dist-packages/certbot/_internal/plugins/standalone.py", line 79, in run
    servers = acme_standalone.HTTP01DualNetworkedServers(
              ^^^^^^^^^^^^^^^^^^^^^^^^^^^^^^^^^^^^^^^^^^^
  File "/usr/lib/python3/dist-packages/acme/standalone.py", line 219, in __init__
    super().__init__(HTTP01Server, *args, **kwargs)
  File "/usr/lib/python3/dist-packages/acme/standalone.py", line 122, in __init__
    raise last_socket_err
  File "/usr/lib/python3/dist-packages/acme/standalone.py", line 97, in __init__
    server = ServerClass(*new_args, **kwargs)
             ^^^^^^^^^^^^^^^^^^^^^^^^^^^^^^^^
  File "/usr/lib/python3/dist-packages/acme/standalone.py", line 209, in __init__
    super().__init__(
  File "/usr/lib/python3/dist-packages/acme/standalone.py", line 201, in __init__
    super().__init__(*args, **kwargs)
  File "/usr/lib/python3.12/socketserver.py", line 457, in __init__
    self.server_bind()
  File "/usr/lib/python3.12/http/server.py", line 136, in server_bind
    socketserver.TCPServer.server_bind(self)
  File "/usr/lib/python3.12/socketserver.py", line 473, in server_bind
    self.socket.bind(self.server_address)
OSError: [Errno 98] Address already in use

During handling of the above exception, another exception occurred:

Traceback (most recent call last):
  File "/usr/lib/python3/dist-packages/certbot/_internal/plugins/standalone.py", line 170, in _try_perform_single
    return self._perform_single(achall)
           ^^^^^^^^^^^^^^^^^^^^^^^^^^^^
  File "/usr/lib/python3/dist-packages/certbot/_internal/plugins/standalone.py", line 176, in _perform_single
    servers, response = self._perform_http_01(achall)
                        ^^^^^^^^^^^^^^^^^^^^^^^^^^^^^
  File "/usr/lib/python3/dist-packages/certbot/_internal/plugins/standalone.py", line 185, in _perform_http_01
    servers = self.servers.run(port, challenges.HTTP01, listenaddr=addr)
              ^^^^^^^^^^^^^^^^^^^^^^^^^^^^^^^^^^^^^^^^^^^^^^^^^^^^^^^^^^
  File "/usr/lib/python3/dist-packages/certbot/_internal/plugins/standalone.py", line 82, in run
    raise errors.StandaloneBindError(error, port)
certbot.errors.StandaloneBindError: Problem binding to port 80: [Errno 98] Address already in use

During handling of the above exception, another exception occurred:

Traceback (most recent call last):
  File "/usr/lib/python3/dist-packages/certbot/_internal/renewal.py", line 540, in handle_renewal_request
    main.renew_cert(lineage_config, plugins, renewal_candidate)
  File "/usr/lib/python3/dist-packages/certbot/_internal/main.py", line 1550, in renew_cert
    renewed_lineage = _get_and_save_cert(le_client, config, lineage=lineage)
                      ^^^^^^^^^^^^^^^^^^^^^^^^^^^^^^^^^^^^^^^^^^^^^^^^^^^^^^
  File "/usr/lib/python3/dist-packages/certbot/_internal/main.py", line 131, in _get_and_save_cert
    renewal.renew_cert(config, domains, le_client, lineage)
  File "/usr/lib/python3/dist-packages/certbot/_internal/renewal.py", line 399, in renew_cert
    new_cert, new_chain, new_key, _ = le_client.obtain_certificate(domains, new_key)
                                      ^^^^^^^^^^^^^^^^^^^^^^^^^^^^^^^^^^^^^^^^^^^^^^
  File "/usr/lib/python3/dist-packages/certbot/_internal/client.py", line 428, in obtain_certificate
    orderr = self._get_order_and_authorizations(csr.data, self.config.allow_subset_of_names)
             ^^^^^^^^^^^^^^^^^^^^^^^^^^^^^^^^^^^^^^^^^^^^^^^^^^^^^^^^^^^^^^^^^^^^^^^^^^^^^^^
  File "/usr/lib/python3/dist-packages/certbot/_internal/client.py", line 496, in _get_order_and_authorizations
    authzr = self.auth_handler.handle_authorizations(orderr, self.config, best_effort)
             ^^^^^^^^^^^^^^^^^^^^^^^^^^^^^^^^^^^^^^^^^^^^^^^^^^^^^^^^^^^^^^^^^^^^^^^^^
  File "/usr/lib/python3/dist-packages/certbot/_internal/auth_handler.py", line 88, in handle_authorizations
    resps = self.auth.perform(achalls)
            ^^^^^^^^^^^^^^^^^^^^^^^^^^
  File "/usr/lib/python3/dist-packages/certbot/_internal/plugins/standalone.py", line 164, in perform
    return [self._try_perform_single(achall) for achall in achalls]
            ^^^^^^^^^^^^^^^^^^^^^^^^^^^^^^^^
  File "/usr/lib/python3/dist-packages/certbot/_internal/plugins/standalone.py", line 172, in _try_perform_single
    _handle_perform_error(error)
  File "/usr/lib/python3/dist-packages/certbot/_internal/plugins/standalone.py", line 226, in _handle_perform_error
    raise errors.PluginError(msg)
certbot.errors.PluginError: Could not bind TCP port 80 because it is already in use by another process on this system (such as a web server). Please stop the program in question and then try again.

2026-03-22 15:37:50,610:DEBUG:certbot._internal.display.obj:Notifying user: 
- - - - - - - - - - - - - - - - - - - - - - - - - - - - - - - - - - - - - - - -
2026-03-22 15:37:50,610:ERROR:certbot._internal.renewal:All renewals failed. The following certificates could not be renewed:
2026-03-22 15:37:50,610:ERROR:certbot._internal.renewal:  /etc/letsencrypt/live/accredited.co.in/fullchain.pem (failure)
2026-03-22 15:37:50,610:DEBUG:certbot._internal.display.obj:Notifying user: - - - - - - - - - - - - - - - - - - - - - - - - - - - - - - - - - - - - - - - -
2026-03-22 15:37:50,610:DEBUG:certbot._internal.log:Exiting abnormally:
Traceback (most recent call last):
  File "/usr/bin/certbot", line 33, in <module>
    sys.exit(load_entry_point('certbot==2.9.0', 'console_scripts', 'certbot')())
             ^^^^^^^^^^^^^^^^^^^^^^^^^^^^^^^^^^^^^^^^^^^^^^^^^^^^^^^^^^^^^^^^^^
  File "/usr/lib/python3/dist-packages/certbot/main.py", line 19, in main
    return internal_main.main(cli_args)
           ^^^^^^^^^^^^^^^^^^^^^^^^^^^^
  File "/usr/lib/python3/dist-packages/certbot/_internal/main.py", line 1894, in main
    return config.func(config, plugins)
           ^^^^^^^^^^^^^^^^^^^^^^^^^^^^
  File "/usr/lib/python3/dist-packages/certbot/_internal/main.py", line 1642, in renew
    renewed_domains, failed_domains = renewal.handle_renewal_request(config)
                                      ^^^^^^^^^^^^^^^^^^^^^^^^^^^^^^^^^^^^^^
  File "/usr/lib/python3/dist-packages/certbot/_internal/renewal.py", line 568, in handle_renewal_request
    raise errors.Error(
certbot.errors.Error: 1 renew failure(s), 0 parse failure(s)
2026-03-22 15:37:50,612:ERROR:certbot._internal.log:1 renew failure(s), 0 parse failure(s)
2026-03-23 00:55:36,054:DEBUG:certbot._internal.main:certbot version: 2.9.0
2026-03-23 00:55:36,055:DEBUG:certbot._internal.main:Location of certbot entry point: /usr/bin/certbot
2026-03-23 00:55:36,055:DEBUG:certbot._internal.main:Arguments: ['-q', '--no-random-sleep-on-renew']
2026-03-23 00:55:36,055:DEBUG:certbot._internal.main:Discovered plugins: PluginsRegistry(PluginEntryPoint#manual,PluginEntryPoint#nginx,PluginEntryPoint#null,PluginEntryPoint#standalone,PluginEntryPoint#webroot)
2026-03-23 00:55:36,067:DEBUG:certbot._internal.log:Root logging level set at 40
2026-03-23 00:55:36,068:DEBUG:certbot._internal.display.obj:Notifying user: Processing /etc/letsencrypt/renewal/accredited.co.in.conf
2026-03-23 00:55:36,069:DEBUG:certbot._internal.plugins.selection:Requested authenticator None and installer None
2026-03-23 00:55:36,158:DEBUG:certbot._internal.storage:Should renew, less than 30 days before certificate expiry 2026-03-18 16:57:35 UTC.
2026-03-23 00:55:36,158:INFO:certbot._internal.renewal:Certificate is due for renewal, auto-renewing...
2026-03-23 00:55:36,158:DEBUG:certbot._internal.plugins.selection:Requested authenticator standalone and installer None
2026-03-23 00:55:36,159:DEBUG:certbot._internal.plugins.selection:Single candidate plugin: * standalone
Description: Runs an HTTP server locally which serves the necessary validation files under the /.well-known/acme-challenge/ request path. Suitable if there is no HTTP server already running. HTTP challenge only (wildcards not supported).
Interfaces: Authenticator, Plugin
Entry point: EntryPoint(name='standalone', value='certbot._internal.plugins.standalone:Authenticator', group='certbot.plugins')
Initialized: <certbot._internal.plugins.standalone.Authenticator object at 0x7982eaed47a0>
Prep: True
2026-03-23 00:55:36,159:DEBUG:certbot._internal.plugins.selection:Selected authenticator <certbot._internal.plugins.standalone.Authenticator object at 0x7982eaed47a0> and installer None
2026-03-23 00:55:36,159:INFO:certbot._internal.plugins.selection:Plugins selected: Authenticator standalone, Installer None
2026-03-23 00:55:36,290:DEBUG:certbot._internal.main:Picked account: <Account(RegistrationResource(body=Registration(key=None, contact=(), agreement=None, status=None, terms_of_service_agreed=None, only_return_existing=None, external_account_binding=None), uri='https://acme-v02.api.letsencrypt.org/acme/acct/2889967666', new_authzr_uri=None, terms_of_service=None), 3f20d240b6117a9a90f93992868e4805, Meta(creation_dt=datetime.datetime(2025, 12, 18, 15, 52, 45, tzinfo=<UTC>), creation_host='instance-20251218-1639', register_to_eff=None))>
2026-03-23 00:55:36,291:DEBUG:acme.client:Sending GET request to https://acme-v02.api.letsencrypt.org/directory.
2026-03-23 00:55:36,293:DEBUG:urllib3.connectionpool:Starting new HTTPS connection (1): acme-v02.api.letsencrypt.org:443
2026-03-23 00:55:37,063:DEBUG:urllib3.connectionpool:https://acme-v02.api.letsencrypt.org:443 "GET /directory HTTP/1.1" 200 1033
2026-03-23 00:55:37,064:DEBUG:acme.client:Received response:
HTTP 200
Server: nginx
Date: Mon, 23 Mar 2026 00:55:36 GMT
Content-Type: application/json
Content-Length: 1033
Connection: keep-alive
Cache-Control: public, max-age=0, no-cache
X-Frame-Options: DENY
Strict-Transport-Security: max-age=604800

{
  "cChCVg5Cp9o": "https://community.letsencrypt.org/t/adding-random-entries-to-the-directory/33417",
  "keyChange": "https://acme-v02.api.letsencrypt.org/acme/key-change",
  "meta": {
    "caaIdentities": [
      "letsencrypt.org"
    ],
    "profiles": {
      "classic": "https://letsencrypt.org/docs/profiles#classic",
      "shortlived": "https://letsencrypt.org/docs/profiles#shortlived",
      "tlsclient": "https://letsencrypt.org/docs/profiles#tlsclient",
      "tlsserver": "https://letsencrypt.org/docs/profiles#tlsserver"
    },
    "termsOfService": "https://letsencrypt.org/documents/LE-SA-v1.6-August-18-2025.pdf",
    "website": "https://letsencrypt.org"
  },
  "newAccount": "https://acme-v02.api.letsencrypt.org/acme/new-acct",
  "newNonce": "https://acme-v02.api.letsencrypt.org/acme/new-nonce",
  "newOrder": "https://acme-v02.api.letsencrypt.org/acme/new-order",
  "renewalInfo": "https://acme-v02.api.letsencrypt.org/acme/renewal-info",
  "revokeCert": "https://acme-v02.api.letsencrypt.org/acme/revoke-cert"
}
2026-03-23 00:55:37,065:DEBUG:certbot._internal.display.obj:Notifying user: Renewing an existing certificate for accredited.co.in and www.accredited.co.in
2026-03-23 00:55:37,070:DEBUG:acme.client:Requesting fresh nonce
2026-03-23 00:55:37,070:DEBUG:acme.client:Sending HEAD request to https://acme-v02.api.letsencrypt.org/acme/new-nonce.
2026-03-23 00:55:37,311:DEBUG:urllib3.connectionpool:https://acme-v02.api.letsencrypt.org:443 "HEAD /acme/new-nonce HTTP/1.1" 200 0
2026-03-23 00:55:37,311:DEBUG:acme.client:Received response:
HTTP 200
Server: nginx
Date: Mon, 23 Mar 2026 00:55:37 GMT
Connection: keep-alive
Cache-Control: public, max-age=0, no-cache
Link: <https://acme-v02.api.letsencrypt.org/directory>;rel="index"
Replay-Nonce: pR9UrBEEV66W3feJYW6GLEzf3VHWPffMtchWJBxede9k7BKq6LM
X-Frame-Options: DENY
Strict-Transport-Security: max-age=604800


2026-03-23 00:55:37,311:DEBUG:acme.client:Storing nonce: pR9UrBEEV66W3feJYW6GLEzf3VHWPffMtchWJBxede9k7BKq6LM
2026-03-23 00:55:37,311:DEBUG:acme.client:JWS payload:
b'{\n  "identifiers": [\n    {\n      "type": "dns",\n      "value": "accredited.co.in"\n    },\n    {\n      "type": "dns",\n      "value": "www.accredited.co.in"\n    }\n  ]\n}'
2026-03-23 00:55:37,315:DEBUG:acme.client:Sending POST request to https://acme-v02.api.letsencrypt.org/acme/new-order:
{
  "protected": "eyJhbGciOiAiUlMyNTYiLCAia2lkIjogImh0dHBzOi8vYWNtZS12MDIuYXBpLmxldHNlbmNyeXB0Lm9yZy9hY21lL2FjY3QvMjg4OTk2NzY2NiIsICJub25jZSI6ICJwUjlVckJFRVY2NlczZmVKWVc2R0xFemYzVkhXUGZmTXRjaFdKQnhlZGU5azdCS3E2TE0iLCAidXJsIjogImh0dHBzOi8vYWNtZS12MDIuYXBpLmxldHNlbmNyeXB0Lm9yZy9hY21lL25ldy1vcmRlciJ9",
  "signature": "Iq2Q2pSMdgKBwbTjAWyX_QKJ9MogA7cdpD42s2OXpqgMFY0mA4ceJjq1IVDXz1o_gW4qubJC00B1QopdjeaXBP5FXj6fSdJTF_c7OM2HpcbpdSDHC3938pBFAO7fvThSh7bk_wlTYSUzZvcN0UzornS4gp0EglF9uY1y8aLwtx_8popShM7_Yft-eDgRNZXtekoGJcDJodN-rSMcUbqyowf8QsbJi06v4mVcuNWsKB2O4Pyu5vjI4MEFkM5JYOn_5sZ07hcKwoAz_oNL1fISQ6JPhim7UtkWVe13-TP7_vfV863isWCERYXnOPP0CxYmj755cGfXDAPgjvufK7D4lw",
  "payload": "ewogICJpZGVudGlmaWVycyI6IFsKICAgIHsKICAgICAgInR5cGUiOiAiZG5zIiwKICAgICAgInZhbHVlIjogImFjY3JlZGl0ZWQuY28uaW4iCiAgICB9LAogICAgewogICAgICAidHlwZSI6ICJkbnMiLAogICAgICAidmFsdWUiOiAid3d3LmFjY3JlZGl0ZWQuY28uaW4iCiAgICB9CiAgXQp9"
}
2026-03-23 00:55:37,594:DEBUG:urllib3.connectionpool:https://acme-v02.api.letsencrypt.org:443 "POST /acme/new-order HTTP/1.1" 201 501
2026-03-23 00:55:37,595:DEBUG:acme.client:Received response:
HTTP 201
Server: nginx
Date: Mon, 23 Mar 2026 00:55:37 GMT
Content-Type: application/json
Content-Length: 501
Connection: keep-alive
Boulder-Requester: 2889967666
Cache-Control: public, max-age=0, no-cache
Link: <https://acme-v02.api.letsencrypt.org/directory>;rel="index"
Location: https://acme-v02.api.letsencrypt.org/acme/order/2889967666/491546949151
Replay-Nonce: tWo_Kf9RFtb_o6Q9jvwRh7nLb4wrBylpWLTx1ZCuIf4sDnm-HW8
X-Frame-Options: DENY
Strict-Transport-Security: max-age=604800

{
  "status": "pending",
  "expires": "2026-03-24T19:22:31Z",
  "identifiers": [
    {
      "type": "dns",
      "value": "accredited.co.in"
    },
    {
      "type": "dns",
      "value": "www.accredited.co.in"
    }
  ],
  "authorizations": [
    "https://acme-v02.api.letsencrypt.org/acme/authz/2889967666/674619277501",
    "https://acme-v02.api.letsencrypt.org/acme/authz/2889967666/674619277511"
  ],
  "finalize": "https://acme-v02.api.letsencrypt.org/acme/finalize/2889967666/491546949151"
}
2026-03-23 00:55:37,595:DEBUG:acme.client:Storing nonce: tWo_Kf9RFtb_o6Q9jvwRh7nLb4wrBylpWLTx1ZCuIf4sDnm-HW8
2026-03-23 00:55:37,595:DEBUG:acme.client:JWS payload:
b''
2026-03-23 00:55:37,597:DEBUG:acme.client:Sending POST request to https://acme-v02.api.letsencrypt.org/acme/authz/2889967666/674619277501:
{
  "protected": "eyJhbGciOiAiUlMyNTYiLCAia2lkIjogImh0dHBzOi8vYWNtZS12MDIuYXBpLmxldHNlbmNyeXB0Lm9yZy9hY21lL2FjY3QvMjg4OTk2NzY2NiIsICJub25jZSI6ICJ0V29fS2Y5UkZ0Yl9vNlE5anZ3Umg3bkxiNHdyQnlscFdMVHgxWkN1SWY0c0RubS1IVzgiLCAidXJsIjogImh0dHBzOi8vYWNtZS12MDIuYXBpLmxldHNlbmNyeXB0Lm9yZy9hY21lL2F1dGh6LzI4ODk5Njc2NjYvNjc0NjE5Mjc3NTAxIn0",
  "signature": "2msLMuAJA-JmRtwpwnSat3tWzYwipaklAhbpJs9zhGCC8OpU1IKhV48GD1o4694CZPv8WwOjqr_qRNbDC6ikgXhg7Tu78kKsinhq9xjLO1SaUfWr1Ok5pq-rklN9A5eBoGEwfarVfZaYx4D0w7HWEVfZiT_fnFNYv-4NzWXOVHl6r7D2BZTPkdRxTGAlUZRJaA3r-DD_IvmCPmm-Vu0h1Wr1YqWBJUGzEbQ4iSPlN7PcOGBfCmw5ZQIfSXF3VYQCQfVHF3C7iafAWzvgveTGYzh8sdBiIQAtEgCLhwOzfEWnzUXbIXNaSYNhADqGGzYH1n_kY6cm78UKb1UybyjiEg",
  "payload": ""
}
2026-03-23 00:55:37,839:DEBUG:urllib3.connectionpool:https://acme-v02.api.letsencrypt.org:443 "POST /acme/authz/2889967666/674619277501 HTTP/1.1" 200 824
2026-03-23 00:55:37,840:DEBUG:acme.client:Received response:
HTTP 200
Server: nginx
Date: Mon, 23 Mar 2026 00:55:37 GMT
Content-Type: application/json
Content-Length: 824
Connection: keep-alive
Boulder-Requester: 2889967666
Cache-Control: public, max-age=0, no-cache
Link: <https://acme-v02.api.letsencrypt.org/directory>;rel="index"
Replay-Nonce: pR9UrBEEgZu-gMAaaa-gV2Gn_MW9SarYxiP2ZRKZWk_oKUael94
X-Frame-Options: DENY
Strict-Transport-Security: max-age=604800

{
  "identifier": {
    "type": "dns",
    "value": "accredited.co.in"
  },
  "status": "pending",
  "expires": "2026-03-24T19:22:31Z",
  "challenges": [
    {
      "type": "tls-alpn-01",
      "url": "https://acme-v02.api.letsencrypt.org/acme/chall/2889967666/674619277501/hyiYdQ",
      "status": "pending",
      "token": "WfgMUdGWAXelFjXd5QZ5CujU8B4X34xQ8XNbXXXfUI8"
    },
    {
      "type": "http-01",
      "url": "https://acme-v02.api.letsencrypt.org/acme/chall/2889967666/674619277501/1KcMLA",
      "status": "pending",
      "token": "WfgMUdGWAXelFjXd5QZ5CujU8B4X34xQ8XNbXXXfUI8"
    },
    {
      "type": "dns-01",
      "url": "https://acme-v02.api.letsencrypt.org/acme/chall/2889967666/674619277501/NEcoyw",
      "status": "pending",
      "token": "WfgMUdGWAXelFjXd5QZ5CujU8B4X34xQ8XNbXXXfUI8"
    }
  ]
}
2026-03-23 00:55:37,840:DEBUG:acme.client:Storing nonce: pR9UrBEEgZu-gMAaaa-gV2Gn_MW9SarYxiP2ZRKZWk_oKUael94
2026-03-23 00:55:37,840:DEBUG:acme.client:JWS payload:
b''
2026-03-23 00:55:37,842:DEBUG:acme.client:Sending POST request to https://acme-v02.api.letsencrypt.org/acme/authz/2889967666/674619277511:
{
  "protected": "eyJhbGciOiAiUlMyNTYiLCAia2lkIjogImh0dHBzOi8vYWNtZS12MDIuYXBpLmxldHNlbmNyeXB0Lm9yZy9hY21lL2FjY3QvMjg4OTk2NzY2NiIsICJub25jZSI6ICJwUjlVckJFRWdadS1nTUFhYWEtZ1YyR25fTVc5U2FyWXhpUDJaUktaV2tfb0tVYWVsOTQiLCAidXJsIjogImh0dHBzOi8vYWNtZS12MDIuYXBpLmxldHNlbmNyeXB0Lm9yZy9hY21lL2F1dGh6LzI4ODk5Njc2NjYvNjc0NjE5Mjc3NTExIn0",
  "signature": "GtR1rcZ7j2nzFZg295aCXboz48-hz9jTFIVi9IH05QKRsM7wu5tAqWBEk5EbB0XHIA6luIi2IDf5DWGYM3LCjGcEBNU1kwM92dGjlB5gNERh0_70Pt5iNvUZxpSpI4ZB6SzyLBD1urMG5NsgOj5q00R6rWHn4Q_tSOdOtj-qHsbEWG4QzxyOXBlChLGneTLNyX_XQSOFhG790HzUGPQJR64G_pWlAMcAVPRDyuiQOiqXl5eH6wUuLauRk-RqLcQ5a_sE4Yd8I95ahwCQWEo7mDF5XhFedWolGao0R5oUsB1foVSzttFjS2bgwxNWQmeHMgQk3j0X9tJhTBRdjgaVDA",
  "payload": ""
}
2026-03-23 00:55:38,084:DEBUG:urllib3.connectionpool:https://acme-v02.api.letsencrypt.org:443 "POST /acme/authz/2889967666/674619277511 HTTP/1.1" 200 828
2026-03-23 00:55:38,085:DEBUG:acme.client:Received response:
HTTP 200
Server: nginx
Date: Mon, 23 Mar 2026 00:55:37 GMT
Content-Type: application/json
Content-Length: 828
Connection: keep-alive
Boulder-Requester: 2889967666
Cache-Control: public, max-age=0, no-cache
Link: <https://acme-v02.api.letsencrypt.org/directory>;rel="index"
Replay-Nonce: tWo_Kf9RrwVycMWYi2MRqLm_Rrv6WteXupbhM_mRYCAHyxbadq8
X-Frame-Options: DENY
Strict-Transport-Security: max-age=604800

{
  "identifier": {
    "type": "dns",
    "value": "www.accredited.co.in"
  },
  "status": "pending",
  "expires": "2026-03-24T19:22:31Z",
  "challenges": [
    {
      "type": "http-01",
      "url": "https://acme-v02.api.letsencrypt.org/acme/chall/2889967666/674619277511/2Nc_yA",
      "status": "pending",
      "token": "g3tK_YXVa0ZARMfQ89EM3KWsmc2zvyPQ1S4fQYjqZXQ"
    },
    {
      "type": "tls-alpn-01",
      "url": "https://acme-v02.api.letsencrypt.org/acme/chall/2889967666/674619277511/obwaig",
      "status": "pending",
      "token": "g3tK_YXVa0ZARMfQ89EM3KWsmc2zvyPQ1S4fQYjqZXQ"
    },
    {
      "type": "dns-01",
      "url": "https://acme-v02.api.letsencrypt.org/acme/chall/2889967666/674619277511/M4nGcA",
      "status": "pending",
      "token": "g3tK_YXVa0ZARMfQ89EM3KWsmc2zvyPQ1S4fQYjqZXQ"
    }
  ]
}
2026-03-23 00:55:38,085:DEBUG:acme.client:Storing nonce: tWo_Kf9RrwVycMWYi2MRqLm_Rrv6WteXupbhM_mRYCAHyxbadq8
2026-03-23 00:55:38,085:INFO:certbot._internal.auth_handler:Performing the following challenges:
2026-03-23 00:55:38,085:INFO:certbot._internal.auth_handler:http-01 challenge for accredited.co.in
2026-03-23 00:55:38,085:INFO:certbot._internal.auth_handler:http-01 challenge for www.accredited.co.in
2026-03-23 00:55:38,086:DEBUG:acme.standalone:Failed to bind to :80 using IPv6
2026-03-23 00:55:38,086:DEBUG:acme.standalone:Failed to bind to :80 using IPv4
2026-03-23 00:55:38,088:DEBUG:certbot._internal.error_handler:Encountered exception:
Traceback (most recent call last):
  File "/usr/lib/python3/dist-packages/certbot/_internal/plugins/standalone.py", line 79, in run
    servers = acme_standalone.HTTP01DualNetworkedServers(
              ^^^^^^^^^^^^^^^^^^^^^^^^^^^^^^^^^^^^^^^^^^^
  File "/usr/lib/python3/dist-packages/acme/standalone.py", line 219, in __init__
    super().__init__(HTTP01Server, *args, **kwargs)
  File "/usr/lib/python3/dist-packages/acme/standalone.py", line 122, in __init__
    raise last_socket_err
  File "/usr/lib/python3/dist-packages/acme/standalone.py", line 97, in __init__
    server = ServerClass(*new_args, **kwargs)
             ^^^^^^^^^^^^^^^^^^^^^^^^^^^^^^^^
  File "/usr/lib/python3/dist-packages/acme/standalone.py", line 209, in __init__
    super().__init__(
  File "/usr/lib/python3/dist-packages/acme/standalone.py", line 201, in __init__
    super().__init__(*args, **kwargs)
  File "/usr/lib/python3.12/socketserver.py", line 457, in __init__
    self.server_bind()
  File "/usr/lib/python3.12/http/server.py", line 136, in server_bind
    socketserver.TCPServer.server_bind(self)
  File "/usr/lib/python3.12/socketserver.py", line 473, in server_bind
    self.socket.bind(self.server_address)
OSError: [Errno 98] Address already in use

During handling of the above exception, another exception occurred:

Traceback (most recent call last):
  File "/usr/lib/python3/dist-packages/certbot/_internal/plugins/standalone.py", line 170, in _try_perform_single
    return self._perform_single(achall)
           ^^^^^^^^^^^^^^^^^^^^^^^^^^^^
  File "/usr/lib/python3/dist-packages/certbot/_internal/plugins/standalone.py", line 176, in _perform_single
    servers, response = self._perform_http_01(achall)
                        ^^^^^^^^^^^^^^^^^^^^^^^^^^^^^
  File "/usr/lib/python3/dist-packages/certbot/_internal/plugins/standalone.py", line 185, in _perform_http_01
    servers = self.servers.run(port, challenges.HTTP01, listenaddr=addr)
              ^^^^^^^^^^^^^^^^^^^^^^^^^^^^^^^^^^^^^^^^^^^^^^^^^^^^^^^^^^
  File "/usr/lib/python3/dist-packages/certbot/_internal/plugins/standalone.py", line 82, in run
    raise errors.StandaloneBindError(error, port)
certbot.errors.StandaloneBindError: Problem binding to port 80: [Errno 98] Address already in use

During handling of the above exception, another exception occurred:

Traceback (most recent call last):
  File "/usr/lib/python3/dist-packages/certbot/_internal/auth_handler.py", line 88, in handle_authorizations
    resps = self.auth.perform(achalls)
            ^^^^^^^^^^^^^^^^^^^^^^^^^^
  File "/usr/lib/python3/dist-packages/certbot/_internal/plugins/standalone.py", line 164, in perform
    return [self._try_perform_single(achall) for achall in achalls]
            ^^^^^^^^^^^^^^^^^^^^^^^^^^^^^^^^
  File "/usr/lib/python3/dist-packages/certbot/_internal/plugins/standalone.py", line 172, in _try_perform_single
    _handle_perform_error(error)
  File "/usr/lib/python3/dist-packages/certbot/_internal/plugins/standalone.py", line 226, in _handle_perform_error
    raise errors.PluginError(msg)
certbot.errors.PluginError: Could not bind TCP port 80 because it is already in use by another process on this system (such as a web server). Please stop the program in question and then try again.

2026-03-23 00:55:38,088:DEBUG:certbot._internal.error_handler:Calling registered functions
2026-03-23 00:55:38,089:INFO:certbot._internal.auth_handler:Cleaning up challenges
2026-03-23 00:55:38,089:ERROR:certbot._internal.renewal:Failed to renew certificate accredited.co.in with error: Could not bind TCP port 80 because it is already in use by another process on this system (such as a web server). Please stop the program in question and then try again.
2026-03-23 00:55:38,092:DEBUG:certbot._internal.renewal:Traceback was:
Traceback (most recent call last):
  File "/usr/lib/python3/dist-packages/certbot/_internal/plugins/standalone.py", line 79, in run
    servers = acme_standalone.HTTP01DualNetworkedServers(
              ^^^^^^^^^^^^^^^^^^^^^^^^^^^^^^^^^^^^^^^^^^^
  File "/usr/lib/python3/dist-packages/acme/standalone.py", line 219, in __init__
    super().__init__(HTTP01Server, *args, **kwargs)
  File "/usr/lib/python3/dist-packages/acme/standalone.py", line 122, in __init__
    raise last_socket_err
  File "/usr/lib/python3/dist-packages/acme/standalone.py", line 97, in __init__
    server = ServerClass(*new_args, **kwargs)
             ^^^^^^^^^^^^^^^^^^^^^^^^^^^^^^^^
  File "/usr/lib/python3/dist-packages/acme/standalone.py", line 209, in __init__
    super().__init__(
  File "/usr/lib/python3/dist-packages/acme/standalone.py", line 201, in __init__
    super().__init__(*args, **kwargs)
  File "/usr/lib/python3.12/socketserver.py", line 457, in __init__
    self.server_bind()
  File "/usr/lib/python3.12/http/server.py", line 136, in server_bind
    socketserver.TCPServer.server_bind(self)
  File "/usr/lib/python3.12/socketserver.py", line 473, in server_bind
    self.socket.bind(self.server_address)
OSError: [Errno 98] Address already in use

During handling of the above exception, another exception occurred:

Traceback (most recent call last):
  File "/usr/lib/python3/dist-packages/certbot/_internal/plugins/standalone.py", line 170, in _try_perform_single
    return self._perform_single(achall)
           ^^^^^^^^^^^^^^^^^^^^^^^^^^^^
  File "/usr/lib/python3/dist-packages/certbot/_internal/plugins/standalone.py", line 176, in _perform_single
    servers, response = self._perform_http_01(achall)
                        ^^^^^^^^^^^^^^^^^^^^^^^^^^^^^
  File "/usr/lib/python3/dist-packages/certbot/_internal/plugins/standalone.py", line 185, in _perform_http_01
    servers = self.servers.run(port, challenges.HTTP01, listenaddr=addr)
              ^^^^^^^^^^^^^^^^^^^^^^^^^^^^^^^^^^^^^^^^^^^^^^^^^^^^^^^^^^
  File "/usr/lib/python3/dist-packages/certbot/_internal/plugins/standalone.py", line 82, in run
    raise errors.StandaloneBindError(error, port)
certbot.errors.StandaloneBindError: Problem binding to port 80: [Errno 98] Address already in use

During handling of the above exception, another exception occurred:

Traceback (most recent call last):
  File "/usr/lib/python3/dist-packages/certbot/_internal/renewal.py", line 540, in handle_renewal_request
    main.renew_cert(lineage_config, plugins, renewal_candidate)
  File "/usr/lib/python3/dist-packages/certbot/_internal/main.py", line 1550, in renew_cert
    renewed_lineage = _get_and_save_cert(le_client, config, lineage=lineage)
                      ^^^^^^^^^^^^^^^^^^^^^^^^^^^^^^^^^^^^^^^^^^^^^^^^^^^^^^
  File "/usr/lib/python3/dist-packages/certbot/_internal/main.py", line 131, in _get_and_save_cert
    renewal.renew_cert(config, domains, le_client, lineage)
  File "/usr/lib/python3/dist-packages/certbot/_internal/renewal.py", line 399, in renew_cert
    new_cert, new_chain, new_key, _ = le_client.obtain_certificate(domains, new_key)
                                      ^^^^^^^^^^^^^^^^^^^^^^^^^^^^^^^^^^^^^^^^^^^^^^
  File "/usr/lib/python3/dist-packages/certbot/_internal/client.py", line 428, in obtain_certificate
    orderr = self._get_order_and_authorizations(csr.data, self.config.allow_subset_of_names)
             ^^^^^^^^^^^^^^^^^^^^^^^^^^^^^^^^^^^^^^^^^^^^^^^^^^^^^^^^^^^^^^^^^^^^^^^^^^^^^^^
  File "/usr/lib/python3/dist-packages/certbot/_internal/client.py", line 496, in _get_order_and_authorizations
    authzr = self.auth_handler.handle_authorizations(orderr, self.config, best_effort)
             ^^^^^^^^^^^^^^^^^^^^^^^^^^^^^^^^^^^^^^^^^^^^^^^^^^^^^^^^^^^^^^^^^^^^^^^^^
  File "/usr/lib/python3/dist-packages/certbot/_internal/auth_handler.py", line 88, in handle_authorizations
    resps = self.auth.perform(achalls)
            ^^^^^^^^^^^^^^^^^^^^^^^^^^
  File "/usr/lib/python3/dist-packages/certbot/_internal/plugins/standalone.py", line 164, in perform
    return [self._try_perform_single(achall) for achall in achalls]
            ^^^^^^^^^^^^^^^^^^^^^^^^^^^^^^^^
  File "/usr/lib/python3/dist-packages/certbot/_internal/plugins/standalone.py", line 172, in _try_perform_single
    _handle_perform_error(error)
  File "/usr/lib/python3/dist-packages/certbot/_internal/plugins/standalone.py", line 226, in _handle_perform_error
    raise errors.PluginError(msg)
certbot.errors.PluginError: Could not bind TCP port 80 because it is already in use by another process on this system (such as a web server). Please stop the program in question and then try again.

2026-03-23 00:55:38,093:DEBUG:certbot._internal.display.obj:Notifying user: 
- - - - - - - - - - - - - - - - - - - - - - - - - - - - - - - - - - - - - - - -
2026-03-23 00:55:38,093:ERROR:certbot._internal.renewal:All renewals failed. The following certificates could not be renewed:
2026-03-23 00:55:38,093:ERROR:certbot._internal.renewal:  /etc/letsencrypt/live/accredited.co.in/fullchain.pem (failure)
2026-03-23 00:55:38,093:DEBUG:certbot._internal.display.obj:Notifying user: - - - - - - - - - - - - - - - - - - - - - - - - - - - - - - - - - - - - - - - -
2026-03-23 00:55:38,093:DEBUG:certbot._internal.log:Exiting abnormally:
Traceback (most recent call last):
  File "/usr/bin/certbot", line 33, in <module>
    sys.exit(load_entry_point('certbot==2.9.0', 'console_scripts', 'certbot')())
             ^^^^^^^^^^^^^^^^^^^^^^^^^^^^^^^^^^^^^^^^^^^^^^^^^^^^^^^^^^^^^^^^^^
  File "/usr/lib/python3/dist-packages/certbot/main.py", line 19, in main
    return internal_main.main(cli_args)
           ^^^^^^^^^^^^^^^^^^^^^^^^^^^^
  File "/usr/lib/python3/dist-packages/certbot/_internal/main.py", line 1894, in main
    return config.func(config, plugins)
           ^^^^^^^^^^^^^^^^^^^^^^^^^^^^
  File "/usr/lib/python3/dist-packages/certbot/_internal/main.py", line 1642, in renew
    renewed_domains, failed_domains = renewal.handle_renewal_request(config)
                                      ^^^^^^^^^^^^^^^^^^^^^^^^^^^^^^^^^^^^^^
  File "/usr/lib/python3/dist-packages/certbot/_internal/renewal.py", line 568, in handle_renewal_request
    raise errors.Error(
certbot.errors.Error: 1 renew failure(s), 0 parse failure(s)
2026-03-23 00:55:38,094:ERROR:certbot._internal.log:1 renew failure(s), 0 parse failure(s)
2026-03-23 22:17:40,956:DEBUG:certbot._internal.main:certbot version: 2.9.0
2026-03-23 22:17:40,956:DEBUG:certbot._internal.main:Location of certbot entry point: /usr/bin/certbot
2026-03-23 22:17:40,956:DEBUG:certbot._internal.main:Arguments: ['-q', '--no-random-sleep-on-renew']
2026-03-23 22:17:40,957:DEBUG:certbot._internal.main:Discovered plugins: PluginsRegistry(PluginEntryPoint#manual,PluginEntryPoint#nginx,PluginEntryPoint#null,PluginEntryPoint#standalone,PluginEntryPoint#webroot)
2026-03-23 22:17:40,970:DEBUG:certbot._internal.log:Root logging level set at 40
2026-03-23 22:17:40,973:DEBUG:certbot._internal.display.obj:Notifying user: Processing /etc/letsencrypt/renewal/accredited.co.in.conf
2026-03-23 22:17:40,977:DEBUG:certbot._internal.plugins.selection:Requested authenticator None and installer None
2026-03-23 22:17:41,041:DEBUG:certbot._internal.storage:Should renew, less than 30 days before certificate expiry 2026-03-18 16:57:35 UTC.
2026-03-23 22:17:41,041:INFO:certbot._internal.renewal:Certificate is due for renewal, auto-renewing...
2026-03-23 22:17:41,041:DEBUG:certbot._internal.plugins.selection:Requested authenticator standalone and installer None
2026-03-23 22:17:41,041:DEBUG:certbot._internal.plugins.selection:Single candidate plugin: * standalone
Description: Runs an HTTP server locally which serves the necessary validation files under the /.well-known/acme-challenge/ request path. Suitable if there is no HTTP server already running. HTTP challenge only (wildcards not supported).
Interfaces: Authenticator, Plugin
Entry point: EntryPoint(name='standalone', value='certbot._internal.plugins.standalone:Authenticator', group='certbot.plugins')
Initialized: <certbot._internal.plugins.standalone.Authenticator object at 0x785985aa1970>
Prep: True
2026-03-23 22:17:41,042:DEBUG:certbot._internal.plugins.selection:Selected authenticator <certbot._internal.plugins.standalone.Authenticator object at 0x785985aa1970> and installer None
2026-03-23 22:17:41,042:INFO:certbot._internal.plugins.selection:Plugins selected: Authenticator standalone, Installer None
2026-03-23 22:17:41,200:DEBUG:certbot._internal.main:Picked account: <Account(RegistrationResource(body=Registration(key=None, contact=(), agreement=None, status=None, terms_of_service_agreed=None, only_return_existing=None, external_account_binding=None), uri='https://acme-v02.api.letsencrypt.org/acme/acct/2889967666', new_authzr_uri=None, terms_of_service=None), 3f20d240b6117a9a90f93992868e4805, Meta(creation_dt=datetime.datetime(2025, 12, 18, 15, 52, 45, tzinfo=<UTC>), creation_host='instance-20251218-1639', register_to_eff=None))>
2026-03-23 22:17:41,201:DEBUG:acme.client:Sending GET request to https://acme-v02.api.letsencrypt.org/directory.
2026-03-23 22:17:41,204:DEBUG:urllib3.connectionpool:Starting new HTTPS connection (1): acme-v02.api.letsencrypt.org:443
2026-03-23 22:17:41,949:DEBUG:urllib3.connectionpool:https://acme-v02.api.letsencrypt.org:443 "GET /directory HTTP/1.1" 200 1033
2026-03-23 22:17:41,949:DEBUG:acme.client:Received response:
HTTP 200
Server: nginx
Date: Mon, 23 Mar 2026 22:17:41 GMT
Content-Type: application/json
Content-Length: 1033
Connection: keep-alive
Cache-Control: public, max-age=0, no-cache
X-Frame-Options: DENY
Strict-Transport-Security: max-age=604800

{
  "-ezNpwzJYTs": "https://community.letsencrypt.org/t/adding-random-entries-to-the-directory/33417",
  "keyChange": "https://acme-v02.api.letsencrypt.org/acme/key-change",
  "meta": {
    "caaIdentities": [
      "letsencrypt.org"
    ],
    "profiles": {
      "classic": "https://letsencrypt.org/docs/profiles#classic",
      "shortlived": "https://letsencrypt.org/docs/profiles#shortlived",
      "tlsclient": "https://letsencrypt.org/docs/profiles#tlsclient",
      "tlsserver": "https://letsencrypt.org/docs/profiles#tlsserver"
    },
    "termsOfService": "https://letsencrypt.org/documents/LE-SA-v1.6-August-18-2025.pdf",
    "website": "https://letsencrypt.org"
  },
  "newAccount": "https://acme-v02.api.letsencrypt.org/acme/new-acct",
  "newNonce": "https://acme-v02.api.letsencrypt.org/acme/new-nonce",
  "newOrder": "https://acme-v02.api.letsencrypt.org/acme/new-order",
  "renewalInfo": "https://acme-v02.api.letsencrypt.org/acme/renewal-info",
  "revokeCert": "https://acme-v02.api.letsencrypt.org/acme/revoke-cert"
}
2026-03-23 22:17:41,953:DEBUG:certbot._internal.display.obj:Notifying user: Renewing an existing certificate for accredited.co.in and www.accredited.co.in
2026-03-23 22:17:41,958:DEBUG:acme.client:Requesting fresh nonce
2026-03-23 22:17:41,959:DEBUG:acme.client:Sending HEAD request to https://acme-v02.api.letsencrypt.org/acme/new-nonce.
2026-03-23 22:17:42,206:DEBUG:urllib3.connectionpool:https://acme-v02.api.letsencrypt.org:443 "HEAD /acme/new-nonce HTTP/1.1" 200 0
2026-03-23 22:17:42,206:DEBUG:acme.client:Received response:
HTTP 200
Server: nginx
Date: Mon, 23 Mar 2026 22:17:42 GMT
Connection: keep-alive
Cache-Control: public, max-age=0, no-cache
Link: <https://acme-v02.api.letsencrypt.org/directory>;rel="index"
Replay-Nonce: pR9UrBEETIzkEZgPk_RfZYoB45wN9ANm1xq_bvabzuokS0qm6q0
X-Frame-Options: DENY
Strict-Transport-Security: max-age=604800


2026-03-23 22:17:42,207:DEBUG:acme.client:Storing nonce: pR9UrBEETIzkEZgPk_RfZYoB45wN9ANm1xq_bvabzuokS0qm6q0
2026-03-23 22:17:42,207:DEBUG:acme.client:JWS payload:
b'{\n  "identifiers": [\n    {\n      "type": "dns",\n      "value": "accredited.co.in"\n    },\n    {\n      "type": "dns",\n      "value": "www.accredited.co.in"\n    }\n  ]\n}'
2026-03-23 22:17:42,211:DEBUG:acme.client:Sending POST request to https://acme-v02.api.letsencrypt.org/acme/new-order:
{
  "protected": "eyJhbGciOiAiUlMyNTYiLCAia2lkIjogImh0dHBzOi8vYWNtZS12MDIuYXBpLmxldHNlbmNyeXB0Lm9yZy9hY21lL2FjY3QvMjg4OTk2NzY2NiIsICJub25jZSI6ICJwUjlVckJFRVRJemtFWmdQa19SZlpZb0I0NXdOOUFObTF4cV9idmFienVva1MwcW02cTAiLCAidXJsIjogImh0dHBzOi8vYWNtZS12MDIuYXBpLmxldHNlbmNyeXB0Lm9yZy9hY21lL25ldy1vcmRlciJ9",
  "signature": "TEoDpyTlfZwT9axJpfUVdfz9dhX8NOqxrsc4ongiPwQV8YOK76mwi42UV_JQvihZ1-emHAv7q_d2gCk2F4zovCDldVq4H60SLqoseGKjFQajRJpEZJc2fxAzIxtHpm9kvBcVNDZAPC-q9024IKCqZVzW-4Y23W0zu0fhkTsWs2mbjhDP_fKQmZerPzURHLjbklYR38wr0KWCLA4jZgjYRTvjsfUqeQFAsRRqn4su0PS8a93Sw42rPNuwey-Y4P8LoLUV_WtxKomBOhDJyR3nSlXqf3AmU73ZWexUc_UUEx4ih-NGxdSOMAPNQ0k14dRNTWZX7gFGbCKWYka0IKvhJQ",
  "payload": "ewogICJpZGVudGlmaWVycyI6IFsKICAgIHsKICAgICAgInR5cGUiOiAiZG5zIiwKICAgICAgInZhbHVlIjogImFjY3JlZGl0ZWQuY28uaW4iCiAgICB9LAogICAgewogICAgICAidHlwZSI6ICJkbnMiLAogICAgICAidmFsdWUiOiAid3d3LmFjY3JlZGl0ZWQuY28uaW4iCiAgICB9CiAgXQp9"
}
2026-03-23 22:17:42,482:DEBUG:urllib3.connectionpool:https://acme-v02.api.letsencrypt.org:443 "POST /acme/new-order HTTP/1.1" 201 501
2026-03-23 22:17:42,483:DEBUG:acme.client:Received response:
HTTP 201
Server: nginx
Date: Mon, 23 Mar 2026 22:17:42 GMT
Content-Type: application/json
Content-Length: 501
Connection: keep-alive
Boulder-Requester: 2889967666
Cache-Control: public, max-age=0, no-cache
Link: <https://acme-v02.api.letsencrypt.org/directory>;rel="index"
Location: https://acme-v02.api.letsencrypt.org/acme/order/2889967666/491546949151
Replay-Nonce: tWo_Kf9Rz7ZvN7dxP9vQlb-0TCUeb7ev0nzUbdNV-HdZx9Y0E3c
X-Frame-Options: DENY
Strict-Transport-Security: max-age=604800

{
  "status": "pending",
  "expires": "2026-03-24T19:22:31Z",
  "identifiers": [
    {
      "type": "dns",
      "value": "accredited.co.in"
    },
    {
      "type": "dns",
      "value": "www.accredited.co.in"
    }
  ],
  "authorizations": [
    "https://acme-v02.api.letsencrypt.org/acme/authz/2889967666/674619277501",
    "https://acme-v02.api.letsencrypt.org/acme/authz/2889967666/674619277511"
  ],
  "finalize": "https://acme-v02.api.letsencrypt.org/acme/finalize/2889967666/491546949151"
}
2026-03-23 22:17:42,483:DEBUG:acme.client:Storing nonce: tWo_Kf9Rz7ZvN7dxP9vQlb-0TCUeb7ev0nzUbdNV-HdZx9Y0E3c
2026-03-23 22:17:42,483:DEBUG:acme.client:JWS payload:
b''
2026-03-23 22:17:42,485:DEBUG:acme.client:Sending POST request to https://acme-v02.api.letsencrypt.org/acme/authz/2889967666/674619277501:
{
  "protected": "eyJhbGciOiAiUlMyNTYiLCAia2lkIjogImh0dHBzOi8vYWNtZS12MDIuYXBpLmxldHNlbmNyeXB0Lm9yZy9hY21lL2FjY3QvMjg4OTk2NzY2NiIsICJub25jZSI6ICJ0V29fS2Y5Uno3WnZON2R4UDl2UWxiLTBUQ1VlYjdldjBuelViZE5WLUhkWng5WTBFM2MiLCAidXJsIjogImh0dHBzOi8vYWNtZS12MDIuYXBpLmxldHNlbmNyeXB0Lm9yZy9hY21lL2F1dGh6LzI4ODk5Njc2NjYvNjc0NjE5Mjc3NTAxIn0",
  "signature": "G-U3uPusemkJXy_iPagZcrBR-qoS88ZGdiAjeEi1Z9z9RS_I_bFiHb703XVyUe6PCfhf4btanvhCqi9GS6Bfme8LZ6nSDY2qsB5kNWEj7U3LXFFJWwArnNuq_atZURb7bfvGdJaSMifIvCHSncokOThx5fN4uSV6fxpuMMDPK5LrSeAjwx11hhRlNe2fv15wAhL-MO_tG2ucckcyeStK8Dso0ZyEsBrHQvkZpSs4f5csmFn16sotcmPs4a2A3DPIgPjy-g-nRvt6Cqja6yeFMC1Lcdgfe6RmdXyCeFUlX_7u6A-GI5QaRhcBgf4yKHIzsyAi1VFlOTSi0jAbwbfc6A",
  "payload": ""
}
2026-03-23 22:17:42,735:DEBUG:urllib3.connectionpool:https://acme-v02.api.letsencrypt.org:443 "POST /acme/authz/2889967666/674619277501 HTTP/1.1" 200 824
2026-03-23 22:17:42,736:DEBUG:acme.client:Received response:
HTTP 200
Server: nginx
Date: Mon, 23 Mar 2026 22:17:42 GMT
Content-Type: application/json
Content-Length: 824
Connection: keep-alive
Boulder-Requester: 2889967666
Cache-Control: public, max-age=0, no-cache
Link: <https://acme-v02.api.letsencrypt.org/directory>;rel="index"
Replay-Nonce: pR9UrBEEkHGjvLGejILTH6jmT_T6mbKkT00-i3KSGvT77ggt_O8
X-Frame-Options: DENY
Strict-Transport-Security: max-age=604800

{
  "identifier": {
    "type": "dns",
    "value": "accredited.co.in"
  },
  "status": "pending",
  "expires": "2026-03-24T19:22:31Z",
  "challenges": [
    {
      "type": "tls-alpn-01",
      "url": "https://acme-v02.api.letsencrypt.org/acme/chall/2889967666/674619277501/hyiYdQ",
      "status": "pending",
      "token": "WfgMUdGWAXelFjXd5QZ5CujU8B4X34xQ8XNbXXXfUI8"
    },
    {
      "type": "http-01",
      "url": "https://acme-v02.api.letsencrypt.org/acme/chall/2889967666/674619277501/1KcMLA",
      "status": "pending",
      "token": "WfgMUdGWAXelFjXd5QZ5CujU8B4X34xQ8XNbXXXfUI8"
    },
    {
      "type": "dns-01",
      "url": "https://acme-v02.api.letsencrypt.org/acme/chall/2889967666/674619277501/NEcoyw",
      "status": "pending",
      "token": "WfgMUdGWAXelFjXd5QZ5CujU8B4X34xQ8XNbXXXfUI8"
    }
  ]
}
2026-03-23 22:17:42,736:DEBUG:acme.client:Storing nonce: pR9UrBEEkHGjvLGejILTH6jmT_T6mbKkT00-i3KSGvT77ggt_O8
2026-03-23 22:17:42,736:DEBUG:acme.client:JWS payload:
b''
2026-03-23 22:17:42,738:DEBUG:acme.client:Sending POST request to https://acme-v02.api.letsencrypt.org/acme/authz/2889967666/674619277511:
{
  "protected": "eyJhbGciOiAiUlMyNTYiLCAia2lkIjogImh0dHBzOi8vYWNtZS12MDIuYXBpLmxldHNlbmNyeXB0Lm9yZy9hY21lL2FjY3QvMjg4OTk2NzY2NiIsICJub25jZSI6ICJwUjlVckJFRWtIR2p2TEdlaklMVEg2am1UX1Q2bWJLa1QwMC1pM0tTR3ZUNzdnZ3RfTzgiLCAidXJsIjogImh0dHBzOi8vYWNtZS12MDIuYXBpLmxldHNlbmNyeXB0Lm9yZy9hY21lL2F1dGh6LzI4ODk5Njc2NjYvNjc0NjE5Mjc3NTExIn0",
  "signature": "GJZBVx_LiSfdEk8auc7bZsHWMmYQjvFQAK907fOv53-aYV__ZKa5Wa7WBn-iv5HiZoKOoTd4MsCfQcVe8Z0VAGqjTZo_LyjoInJPEQBl8Zq2q5lnLibFtH_RrOmFjIa_GecPGbMxp3Jr9B8euNu4iXkvHd2Vf5BPt8TnHNeXI2SZkb_8AMEn8qfrtqoWJGs2UOC_EXFhuY4nQsQVroRr3uD_eG-Rg0d0e4QeZh_iR6LSiYSOlvlAQ0p0_pFBau26uQ-Wc489WW1fidvUCMUfTXYlSj4oCER4N-RKs2O7hFuLynRpRzq9vPUVG5D3KfBX9oCAVLEuwVB35Q8XQM-V8g",
  "payload": ""
}
2026-03-23 22:17:43,000:DEBUG:urllib3.connectionpool:https://acme-v02.api.letsencrypt.org:443 "POST /acme/authz/2889967666/674619277511 HTTP/1.1" 200 828
2026-03-23 22:17:43,001:DEBUG:acme.client:Received response:
HTTP 200
Server: nginx
Date: Mon, 23 Mar 2026 22:17:42 GMT
Content-Type: application/json
Content-Length: 828
Connection: keep-alive
Boulder-Requester: 2889967666
Cache-Control: public, max-age=0, no-cache
Link: <https://acme-v02.api.letsencrypt.org/directory>;rel="index"
Replay-Nonce: pR9UrBEEYvQd-wJ_WMikIN-zTEC7O6LkSai-nXc-7UCxY-VTqI8
X-Frame-Options: DENY
Strict-Transport-Security: max-age=604800

{
  "identifier": {
    "type": "dns",
    "value": "www.accredited.co.in"
  },
  "status": "pending",
  "expires": "2026-03-24T19:22:31Z",
  "challenges": [
    {
      "type": "tls-alpn-01",
      "url": "https://acme-v02.api.letsencrypt.org/acme/chall/2889967666/674619277511/obwaig",
      "status": "pending",
      "token": "g3tK_YXVa0ZARMfQ89EM3KWsmc2zvyPQ1S4fQYjqZXQ"
    },
    {
      "type": "http-01",
      "url": "https://acme-v02.api.letsencrypt.org/acme/chall/2889967666/674619277511/2Nc_yA",
      "status": "pending",
      "token": "g3tK_YXVa0ZARMfQ89EM3KWsmc2zvyPQ1S4fQYjqZXQ"
    },
    {
      "type": "dns-01",
      "url": "https://acme-v02.api.letsencrypt.org/acme/chall/2889967666/674619277511/M4nGcA",
      "status": "pending",
      "token": "g3tK_YXVa0ZARMfQ89EM3KWsmc2zvyPQ1S4fQYjqZXQ"
    }
  ]
}
2026-03-23 22:17:43,001:DEBUG:acme.client:Storing nonce: pR9UrBEEYvQd-wJ_WMikIN-zTEC7O6LkSai-nXc-7UCxY-VTqI8
2026-03-23 22:17:43,001:INFO:certbot._internal.auth_handler:Performing the following challenges:
2026-03-23 22:17:43,001:INFO:certbot._internal.auth_handler:http-01 challenge for accredited.co.in
2026-03-23 22:17:43,002:INFO:certbot._internal.auth_handler:http-01 challenge for www.accredited.co.in
2026-03-23 22:17:43,002:DEBUG:acme.standalone:Failed to bind to :80 using IPv6
2026-03-23 22:17:43,002:DEBUG:acme.standalone:Failed to bind to :80 using IPv4
2026-03-23 22:17:43,012:DEBUG:certbot._internal.error_handler:Encountered exception:
Traceback (most recent call last):
  File "/usr/lib/python3/dist-packages/certbot/_internal/plugins/standalone.py", line 79, in run
    servers = acme_standalone.HTTP01DualNetworkedServers(
              ^^^^^^^^^^^^^^^^^^^^^^^^^^^^^^^^^^^^^^^^^^^
  File "/usr/lib/python3/dist-packages/acme/standalone.py", line 219, in __init__
    super().__init__(HTTP01Server, *args, **kwargs)
  File "/usr/lib/python3/dist-packages/acme/standalone.py", line 122, in __init__
    raise last_socket_err
  File "/usr/lib/python3/dist-packages/acme/standalone.py", line 97, in __init__
    server = ServerClass(*new_args, **kwargs)
             ^^^^^^^^^^^^^^^^^^^^^^^^^^^^^^^^
  File "/usr/lib/python3/dist-packages/acme/standalone.py", line 209, in __init__
    super().__init__(
  File "/usr/lib/python3/dist-packages/acme/standalone.py", line 201, in __init__
    super().__init__(*args, **kwargs)
  File "/usr/lib/python3.12/socketserver.py", line 457, in __init__
    self.server_bind()
  File "/usr/lib/python3.12/http/server.py", line 136, in server_bind
    socketserver.TCPServer.server_bind(self)
  File "/usr/lib/python3.12/socketserver.py", line 473, in server_bind
    self.socket.bind(self.server_address)
OSError: [Errno 98] Address already in use

During handling of the above exception, another exception occurred:

Traceback (most recent call last):
  File "/usr/lib/python3/dist-packages/certbot/_internal/plugins/standalone.py", line 170, in _try_perform_single
    return self._perform_single(achall)
           ^^^^^^^^^^^^^^^^^^^^^^^^^^^^
  File "/usr/lib/python3/dist-packages/certbot/_internal/plugins/standalone.py", line 176, in _perform_single
    servers, response = self._perform_http_01(achall)
                        ^^^^^^^^^^^^^^^^^^^^^^^^^^^^^
  File "/usr/lib/python3/dist-packages/certbot/_internal/plugins/standalone.py", line 185, in _perform_http_01
    servers = self.servers.run(port, challenges.HTTP01, listenaddr=addr)
              ^^^^^^^^^^^^^^^^^^^^^^^^^^^^^^^^^^^^^^^^^^^^^^^^^^^^^^^^^^
  File "/usr/lib/python3/dist-packages/certbot/_internal/plugins/standalone.py", line 82, in run
    raise errors.StandaloneBindError(error, port)
certbot.errors.StandaloneBindError: Problem binding to port 80: [Errno 98] Address already in use

During handling of the above exception, another exception occurred:

Traceback (most recent call last):
  File "/usr/lib/python3/dist-packages/certbot/_internal/auth_handler.py", line 88, in handle_authorizations
    resps = self.auth.perform(achalls)
            ^^^^^^^^^^^^^^^^^^^^^^^^^^
  File "/usr/lib/python3/dist-packages/certbot/_internal/plugins/standalone.py", line 164, in perform
    return [self._try_perform_single(achall) for achall in achalls]
            ^^^^^^^^^^^^^^^^^^^^^^^^^^^^^^^^
  File "/usr/lib/python3/dist-packages/certbot/_internal/plugins/standalone.py", line 172, in _try_perform_single
    _handle_perform_error(error)
  File "/usr/lib/python3/dist-packages/certbot/_internal/plugins/standalone.py", line 226, in _handle_perform_error
    raise errors.PluginError(msg)
certbot.errors.PluginError: Could not bind TCP port 80 because it is already in use by another process on this system (such as a web server). Please stop the program in question and then try again.

2026-03-23 22:17:43,012:DEBUG:certbot._internal.error_handler:Calling registered functions
2026-03-23 22:17:43,013:INFO:certbot._internal.auth_handler:Cleaning up challenges
2026-03-23 22:17:43,013:ERROR:certbot._internal.renewal:Failed to renew certificate accredited.co.in with error: Could not bind TCP port 80 because it is already in use by another process on this system (such as a web server). Please stop the program in question and then try again.
2026-03-23 22:17:43,019:DEBUG:certbot._internal.renewal:Traceback was:
Traceback (most recent call last):
  File "/usr/lib/python3/dist-packages/certbot/_internal/plugins/standalone.py", line 79, in run
    servers = acme_standalone.HTTP01DualNetworkedServers(
              ^^^^^^^^^^^^^^^^^^^^^^^^^^^^^^^^^^^^^^^^^^^
  File "/usr/lib/python3/dist-packages/acme/standalone.py", line 219, in __init__
    super().__init__(HTTP01Server, *args, **kwargs)
  File "/usr/lib/python3/dist-packages/acme/standalone.py", line 122, in __init__
    raise last_socket_err
  File "/usr/lib/python3/dist-packages/acme/standalone.py", line 97, in __init__
    server = ServerClass(*new_args, **kwargs)
             ^^^^^^^^^^^^^^^^^^^^^^^^^^^^^^^^
  File "/usr/lib/python3/dist-packages/acme/standalone.py", line 209, in __init__
    super().__init__(
  File "/usr/lib/python3/dist-packages/acme/standalone.py", line 201, in __init__
    super().__init__(*args, **kwargs)
  File "/usr/lib/python3.12/socketserver.py", line 457, in __init__
    self.server_bind()
  File "/usr/lib/python3.12/http/server.py", line 136, in server_bind
    socketserver.TCPServer.server_bind(self)
  File "/usr/lib/python3.12/socketserver.py", line 473, in server_bind
    self.socket.bind(self.server_address)
OSError: [Errno 98] Address already in use

During handling of the above exception, another exception occurred:

Traceback (most recent call last):
  File "/usr/lib/python3/dist-packages/certbot/_internal/plugins/standalone.py", line 170, in _try_perform_single
    return self._perform_single(achall)
           ^^^^^^^^^^^^^^^^^^^^^^^^^^^^
  File "/usr/lib/python3/dist-packages/certbot/_internal/plugins/standalone.py", line 176, in _perform_single
    servers, response = self._perform_http_01(achall)
                        ^^^^^^^^^^^^^^^^^^^^^^^^^^^^^
  File "/usr/lib/python3/dist-packages/certbot/_internal/plugins/standalone.py", line 185, in _perform_http_01
    servers = self.servers.run(port, challenges.HTTP01, listenaddr=addr)
              ^^^^^^^^^^^^^^^^^^^^^^^^^^^^^^^^^^^^^^^^^^^^^^^^^^^^^^^^^^
  File "/usr/lib/python3/dist-packages/certbot/_internal/plugins/standalone.py", line 82, in run
    raise errors.StandaloneBindError(error, port)
certbot.errors.StandaloneBindError: Problem binding to port 80: [Errno 98] Address already in use

During handling of the above exception, another exception occurred:

Traceback (most recent call last):
  File "/usr/lib/python3/dist-packages/certbot/_internal/renewal.py", line 540, in handle_renewal_request
    main.renew_cert(lineage_config, plugins, renewal_candidate)
  File "/usr/lib/python3/dist-packages/certbot/_internal/main.py", line 1550, in renew_cert
    renewed_lineage = _get_and_save_cert(le_client, config, lineage=lineage)
                      ^^^^^^^^^^^^^^^^^^^^^^^^^^^^^^^^^^^^^^^^^^^^^^^^^^^^^^
  File "/usr/lib/python3/dist-packages/certbot/_internal/main.py", line 131, in _get_and_save_cert
    renewal.renew_cert(config, domains, le_client, lineage)
  File "/usr/lib/python3/dist-packages/certbot/_internal/renewal.py", line 399, in renew_cert
    new_cert, new_chain, new_key, _ = le_client.obtain_certificate(domains, new_key)
                                      ^^^^^^^^^^^^^^^^^^^^^^^^^^^^^^^^^^^^^^^^^^^^^^
  File "/usr/lib/python3/dist-packages/certbot/_internal/client.py", line 428, in obtain_certificate
    orderr = self._get_order_and_authorizations(csr.data, self.config.allow_subset_of_names)
             ^^^^^^^^^^^^^^^^^^^^^^^^^^^^^^^^^^^^^^^^^^^^^^^^^^^^^^^^^^^^^^^^^^^^^^^^^^^^^^^
  File "/usr/lib/python3/dist-packages/certbot/_internal/client.py", line 496, in _get_order_and_authorizations
    authzr = self.auth_handler.handle_authorizations(orderr, self.config, best_effort)
             ^^^^^^^^^^^^^^^^^^^^^^^^^^^^^^^^^^^^^^^^^^^^^^^^^^^^^^^^^^^^^^^^^^^^^^^^^
  File "/usr/lib/python3/dist-packages/certbot/_internal/auth_handler.py", line 88, in handle_authorizations
    resps = self.auth.perform(achalls)
            ^^^^^^^^^^^^^^^^^^^^^^^^^^
  File "/usr/lib/python3/dist-packages/certbot/_internal/plugins/standalone.py", line 164, in perform
    return [self._try_perform_single(achall) for achall in achalls]
            ^^^^^^^^^^^^^^^^^^^^^^^^^^^^^^^^
  File "/usr/lib/python3/dist-packages/certbot/_internal/plugins/standalone.py", line 172, in _try_perform_single
    _handle_perform_error(error)
  File "/usr/lib/python3/dist-packages/certbot/_internal/plugins/standalone.py", line 226, in _handle_perform_error
    raise errors.PluginError(msg)
certbot.errors.PluginError: Could not bind TCP port 80 because it is already in use by another process on this system (such as a web server). Please stop the program in question and then try again.

2026-03-23 22:17:43,021:DEBUG:certbot._internal.display.obj:Notifying user: 
- - - - - - - - - - - - - - - - - - - - - - - - - - - - - - - - - - - - - - - -
2026-03-23 22:17:43,021:ERROR:certbot._internal.renewal:All renewals failed. The following certificates could not be renewed:
2026-03-23 22:17:43,021:ERROR:certbot._internal.renewal:  /etc/letsencrypt/live/accredited.co.in/fullchain.pem (failure)
2026-03-23 22:17:43,021:DEBUG:certbot._internal.display.obj:Notifying user: - - - - - - - - - - - - - - - - - - - - - - - - - - - - - - - - - - - - - - - -
2026-03-23 22:17:43,021:DEBUG:certbot._internal.log:Exiting abnormally:
Traceback (most recent call last):
  File "/usr/bin/certbot", line 33, in <module>
    sys.exit(load_entry_point('certbot==2.9.0', 'console_scripts', 'certbot')())
             ^^^^^^^^^^^^^^^^^^^^^^^^^^^^^^^^^^^^^^^^^^^^^^^^^^^^^^^^^^^^^^^^^^
  File "/usr/lib/python3/dist-packages/certbot/main.py", line 19, in main
    return internal_main.main(cli_args)
           ^^^^^^^^^^^^^^^^^^^^^^^^^^^^
  File "/usr/lib/python3/dist-packages/certbot/_internal/main.py", line 1894, in main
    return config.func(config, plugins)
           ^^^^^^^^^^^^^^^^^^^^^^^^^^^^
  File "/usr/lib/python3/dist-packages/certbot/_internal/main.py", line 1642, in renew
    renewed_domains, failed_domains = renewal.handle_renewal_request(config)
                                      ^^^^^^^^^^^^^^^^^^^^^^^^^^^^^^^^^^^^^^
  File "/usr/lib/python3/dist-packages/certbot/_internal/renewal.py", line 568, in handle_renewal_request
    raise errors.Error(
certbot.errors.Error: 1 renew failure(s), 0 parse failure(s)
2026-03-23 22:17:43,023:ERROR:certbot._internal.log:1 renew failure(s), 0 parse failure(s)
2026-03-24 05:35:18,350:DEBUG:certbot._internal.main:certbot version: 2.9.0
2026-03-24 05:35:18,351:DEBUG:certbot._internal.main:Location of certbot entry point: /usr/bin/certbot
2026-03-24 05:35:18,351:DEBUG:certbot._internal.main:Arguments: ['-q', '--no-random-sleep-on-renew']
2026-03-24 05:35:18,351:DEBUG:certbot._internal.main:Discovered plugins: PluginsRegistry(PluginEntryPoint#manual,PluginEntryPoint#nginx,PluginEntryPoint#null,PluginEntryPoint#standalone,PluginEntryPoint#webroot)
2026-03-24 05:35:18,363:DEBUG:certbot._internal.log:Root logging level set at 40
2026-03-24 05:35:18,372:DEBUG:certbot._internal.display.obj:Notifying user: Processing /etc/letsencrypt/renewal/accredited.co.in.conf
2026-03-24 05:35:18,374:DEBUG:certbot._internal.plugins.selection:Requested authenticator None and installer None
2026-03-24 05:35:18,405:DEBUG:certbot._internal.storage:Should renew, less than 30 days before certificate expiry 2026-03-18 16:57:35 UTC.
2026-03-24 05:35:18,405:INFO:certbot._internal.renewal:Certificate is due for renewal, auto-renewing...
2026-03-24 05:35:18,405:DEBUG:certbot._internal.plugins.selection:Requested authenticator standalone and installer None
2026-03-24 05:35:18,406:DEBUG:certbot._internal.plugins.selection:Single candidate plugin: * standalone
Description: Runs an HTTP server locally which serves the necessary validation files under the /.well-known/acme-challenge/ request path. Suitable if there is no HTTP server already running. HTTP challenge only (wildcards not supported).
Interfaces: Authenticator, Plugin
Entry point: EntryPoint(name='standalone', value='certbot._internal.plugins.standalone:Authenticator', group='certbot.plugins')
Initialized: <certbot._internal.plugins.standalone.Authenticator object at 0x7a08b4a992e0>
Prep: True
2026-03-24 05:35:18,406:DEBUG:certbot._internal.plugins.selection:Selected authenticator <certbot._internal.plugins.standalone.Authenticator object at 0x7a08b4a992e0> and installer None
2026-03-24 05:35:18,406:INFO:certbot._internal.plugins.selection:Plugins selected: Authenticator standalone, Installer None
2026-03-24 05:35:18,570:DEBUG:certbot._internal.main:Picked account: <Account(RegistrationResource(body=Registration(key=None, contact=(), agreement=None, status=None, terms_of_service_agreed=None, only_return_existing=None, external_account_binding=None), uri='https://acme-v02.api.letsencrypt.org/acme/acct/2889967666', new_authzr_uri=None, terms_of_service=None), 3f20d240b6117a9a90f93992868e4805, Meta(creation_dt=datetime.datetime(2025, 12, 18, 15, 52, 45, tzinfo=<UTC>), creation_host='instance-20251218-1639', register_to_eff=None))>
2026-03-24 05:35:18,572:DEBUG:acme.client:Sending GET request to https://acme-v02.api.letsencrypt.org/directory.
2026-03-24 05:35:18,574:DEBUG:urllib3.connectionpool:Starting new HTTPS connection (1): acme-v02.api.letsencrypt.org:443
2026-03-24 05:35:19,300:DEBUG:urllib3.connectionpool:https://acme-v02.api.letsencrypt.org:443 "GET /directory HTTP/1.1" 200 1033
2026-03-24 05:35:19,301:DEBUG:acme.client:Received response:
HTTP 200
Server: nginx
Date: Tue, 24 Mar 2026 05:35:19 GMT
Content-Type: application/json
Content-Length: 1033
Connection: keep-alive
Cache-Control: public, max-age=0, no-cache
X-Frame-Options: DENY
Strict-Transport-Security: max-age=604800

{
  "9RDurm2FsXI": "https://community.letsencrypt.org/t/adding-random-entries-to-the-directory/33417",
  "keyChange": "https://acme-v02.api.letsencrypt.org/acme/key-change",
  "meta": {
    "caaIdentities": [
      "letsencrypt.org"
    ],
    "profiles": {
      "classic": "https://letsencrypt.org/docs/profiles#classic",
      "shortlived": "https://letsencrypt.org/docs/profiles#shortlived",
      "tlsclient": "https://letsencrypt.org/docs/profiles#tlsclient",
      "tlsserver": "https://letsencrypt.org/docs/profiles#tlsserver"
    },
    "termsOfService": "https://letsencrypt.org/documents/LE-SA-v1.6-August-18-2025.pdf",
    "website": "https://letsencrypt.org"
  },
  "newAccount": "https://acme-v02.api.letsencrypt.org/acme/new-acct",
  "newNonce": "https://acme-v02.api.letsencrypt.org/acme/new-nonce",
  "newOrder": "https://acme-v02.api.letsencrypt.org/acme/new-order",
  "renewalInfo": "https://acme-v02.api.letsencrypt.org/acme/renewal-info",
  "revokeCert": "https://acme-v02.api.letsencrypt.org/acme/revoke-cert"
}
2026-03-24 05:35:19,303:DEBUG:certbot._internal.display.obj:Notifying user: Renewing an existing certificate for accredited.co.in and www.accredited.co.in
2026-03-24 05:35:19,308:DEBUG:acme.client:Requesting fresh nonce
2026-03-24 05:35:19,308:DEBUG:acme.client:Sending HEAD request to https://acme-v02.api.letsencrypt.org/acme/new-nonce.
2026-03-24 05:35:19,548:DEBUG:urllib3.connectionpool:https://acme-v02.api.letsencrypt.org:443 "HEAD /acme/new-nonce HTTP/1.1" 200 0
2026-03-24 05:35:19,548:DEBUG:acme.client:Received response:
HTTP 200
Server: nginx
Date: Tue, 24 Mar 2026 05:35:19 GMT
Connection: keep-alive
Cache-Control: public, max-age=0, no-cache
Link: <https://acme-v02.api.letsencrypt.org/directory>;rel="index"
Replay-Nonce: O7NrciM4pyUVFou14i_SCfx4Kral4GN0A1x2xYSdPDes247jyZg
X-Frame-Options: DENY
Strict-Transport-Security: max-age=604800


2026-03-24 05:35:19,549:DEBUG:acme.client:Storing nonce: O7NrciM4pyUVFou14i_SCfx4Kral4GN0A1x2xYSdPDes247jyZg
2026-03-24 05:35:19,549:DEBUG:acme.client:JWS payload:
b'{\n  "identifiers": [\n    {\n      "type": "dns",\n      "value": "accredited.co.in"\n    },\n    {\n      "type": "dns",\n      "value": "www.accredited.co.in"\n    }\n  ]\n}'
2026-03-24 05:35:19,553:DEBUG:acme.client:Sending POST request to https://acme-v02.api.letsencrypt.org/acme/new-order:
{
  "protected": "eyJhbGciOiAiUlMyNTYiLCAia2lkIjogImh0dHBzOi8vYWNtZS12MDIuYXBpLmxldHNlbmNyeXB0Lm9yZy9hY21lL2FjY3QvMjg4OTk2NzY2NiIsICJub25jZSI6ICJPN05yY2lNNHB5VVZGb3UxNGlfU0NmeDRLcmFsNEdOMEExeDJ4WVNkUERlczI0N2p5WmciLCAidXJsIjogImh0dHBzOi8vYWNtZS12MDIuYXBpLmxldHNlbmNyeXB0Lm9yZy9hY21lL25ldy1vcmRlciJ9",
  "signature": "VwSvfPzOhG3cytqStQDMQkQNkn1kURB8If1frC4vgGVtc8bdWeY4bffMpd8Lx8e_4UtysDgzP7PYaTZrYd2OLnywn7FDSUnRCy-lLU2LMlxXOJnaCDXcutIpX52Ca1HH2InkP6RK88fxjqWjXpslTFFsInF1NGCa3jJ4RwRjkw3rmj4jLYpwLasnMyPB6yIt-Py2J0UjiQ1uQtYUNsV0Dw6s0NpmrGG2eQsvvnYM8KU5CeDJnu38Jru2_QKRH2njnwg7FGZY7Fo3A9ISrtimiH3yIAfmOYXeKiCtWBctk8cRiGGGbibkvobRevXnal26SaBjVzgIYmsWu-mB1wPjEw",
  "payload": "ewogICJpZGVudGlmaWVycyI6IFsKICAgIHsKICAgICAgInR5cGUiOiAiZG5zIiwKICAgICAgInZhbHVlIjogImFjY3JlZGl0ZWQuY28uaW4iCiAgICB9LAogICAgewogICAgICAidHlwZSI6ICJkbnMiLAogICAgICAidmFsdWUiOiAid3d3LmFjY3JlZGl0ZWQuY28uaW4iCiAgICB9CiAgXQp9"
}
2026-03-24 05:35:19,804:DEBUG:urllib3.connectionpool:https://acme-v02.api.letsencrypt.org:443 "POST /acme/new-order HTTP/1.1" 201 501
2026-03-24 05:35:19,804:DEBUG:acme.client:Received response:
HTTP 201
Server: nginx
Date: Tue, 24 Mar 2026 05:35:19 GMT
Content-Type: application/json
Content-Length: 501
Connection: keep-alive
Boulder-Requester: 2889967666
Cache-Control: public, max-age=0, no-cache
Link: <https://acme-v02.api.letsencrypt.org/directory>;rel="index"
Location: https://acme-v02.api.letsencrypt.org/acme/order/2889967666/491546949151
Replay-Nonce: YrllWrIAdY0crsx1z9oIxI66a_BebD-1CHEFrzKdffeVSBdgruo
X-Frame-Options: DENY
Strict-Transport-Security: max-age=604800

{
  "status": "pending",
  "expires": "2026-03-24T19:22:31Z",
  "identifiers": [
    {
      "type": "dns",
      "value": "accredited.co.in"
    },
    {
      "type": "dns",
      "value": "www.accredited.co.in"
    }
  ],
  "authorizations": [
    "https://acme-v02.api.letsencrypt.org/acme/authz/2889967666/674619277501",
    "https://acme-v02.api.letsencrypt.org/acme/authz/2889967666/674619277511"
  ],
  "finalize": "https://acme-v02.api.letsencrypt.org/acme/finalize/2889967666/491546949151"
}
2026-03-24 05:35:19,804:DEBUG:acme.client:Storing nonce: YrllWrIAdY0crsx1z9oIxI66a_BebD-1CHEFrzKdffeVSBdgruo
2026-03-24 05:35:19,804:DEBUG:acme.client:JWS payload:
b''
2026-03-24 05:35:19,806:DEBUG:acme.client:Sending POST request to https://acme-v02.api.letsencrypt.org/acme/authz/2889967666/674619277501:
{
  "protected": "eyJhbGciOiAiUlMyNTYiLCAia2lkIjogImh0dHBzOi8vYWNtZS12MDIuYXBpLmxldHNlbmNyeXB0Lm9yZy9hY21lL2FjY3QvMjg4OTk2NzY2NiIsICJub25jZSI6ICJZcmxsV3JJQWRZMGNyc3gxejlvSXhJNjZhX0JlYkQtMUNIRUZyektkZmZlVlNCZGdydW8iLCAidXJsIjogImh0dHBzOi8vYWNtZS12MDIuYXBpLmxldHNlbmNyeXB0Lm9yZy9hY21lL2F1dGh6LzI4ODk5Njc2NjYvNjc0NjE5Mjc3NTAxIn0",
  "signature": "m8F2XUiQs60BFD19jHKHDtvHaf2j3-klNbETB4FCIV4t2b8Qztw_uLdwcCxJyBlCO67w3rpXIheWUwc1j5MJmoHCIfTekpsJzxwD56jc1Pmz6JgUZZFjyMealwo7bi6e5AsdhIWwPPI9kIOXayijjZlkYCOPxQBJIjCETGDFp3n8U6vLfpppYA74APl2PawP5UDMuFuGpMI9LxMro46kW7EYbBAqDepOZNACzWdNhO4eblLqOqEWlUY14lan-b8fe-8MznXyv1pRfhTFxYiGH4FUphlitVgNjnx9j0LbExE3sQ6JnmhUDZpFF1MUG6wta0vjlV_m4fmbRO2AvKwwAA",
  "payload": ""
}
2026-03-24 05:35:20,048:DEBUG:urllib3.connectionpool:https://acme-v02.api.letsencrypt.org:443 "POST /acme/authz/2889967666/674619277501 HTTP/1.1" 200 824
2026-03-24 05:35:20,048:DEBUG:acme.client:Received response:
HTTP 200
Server: nginx
Date: Tue, 24 Mar 2026 05:35:19 GMT
Content-Type: application/json
Content-Length: 824
Connection: keep-alive
Boulder-Requester: 2889967666
Cache-Control: public, max-age=0, no-cache
Link: <https://acme-v02.api.letsencrypt.org/directory>;rel="index"
Replay-Nonce: YrllWrIAyHHyZ6FHGjIn10ZQATmncbMzAnhURvxMalVhONun4ak
X-Frame-Options: DENY
Strict-Transport-Security: max-age=604800

{
  "identifier": {
    "type": "dns",
    "value": "accredited.co.in"
  },
  "status": "pending",
  "expires": "2026-03-24T19:22:31Z",
  "challenges": [
    {
      "type": "http-01",
      "url": "https://acme-v02.api.letsencrypt.org/acme/chall/2889967666/674619277501/1KcMLA",
      "status": "pending",
      "token": "WfgMUdGWAXelFjXd5QZ5CujU8B4X34xQ8XNbXXXfUI8"
    },
    {
      "type": "tls-alpn-01",
      "url": "https://acme-v02.api.letsencrypt.org/acme/chall/2889967666/674619277501/hyiYdQ",
      "status": "pending",
      "token": "WfgMUdGWAXelFjXd5QZ5CujU8B4X34xQ8XNbXXXfUI8"
    },
    {
      "type": "dns-01",
      "url": "https://acme-v02.api.letsencrypt.org/acme/chall/2889967666/674619277501/NEcoyw",
      "status": "pending",
      "token": "WfgMUdGWAXelFjXd5QZ5CujU8B4X34xQ8XNbXXXfUI8"
    }
  ]
}
2026-03-24 05:35:20,048:DEBUG:acme.client:Storing nonce: YrllWrIAyHHyZ6FHGjIn10ZQATmncbMzAnhURvxMalVhONun4ak
2026-03-24 05:35:20,049:DEBUG:acme.client:JWS payload:
b''
2026-03-24 05:35:20,051:DEBUG:acme.client:Sending POST request to https://acme-v02.api.letsencrypt.org/acme/authz/2889967666/674619277511:
{
  "protected": "eyJhbGciOiAiUlMyNTYiLCAia2lkIjogImh0dHBzOi8vYWNtZS12MDIuYXBpLmxldHNlbmNyeXB0Lm9yZy9hY21lL2FjY3QvMjg4OTk2NzY2NiIsICJub25jZSI6ICJZcmxsV3JJQXlISHlaNkZIR2pJbjEwWlFBVG1uY2JNekFuaFVSdnhNYWxWaE9OdW40YWsiLCAidXJsIjogImh0dHBzOi8vYWNtZS12MDIuYXBpLmxldHNlbmNyeXB0Lm9yZy9hY21lL2F1dGh6LzI4ODk5Njc2NjYvNjc0NjE5Mjc3NTExIn0",
  "signature": "kN4-hSnmQCV-emdifxji8MyoIaecv3030y2rHB84VrcS2Uuk0bnTdUh02Z5ntcMJsHwY-_tZxpJG3ETk9fsR-WC_YpcAFN6oZSztJR8g_MW_JeNJARhIlbJ8jqtdVmaRtPTlq37wxS7aiL0Dnmn_DMDchUqWgYnMrztKbQSNzlavMuKYFfxEZ3j95foIAVJUp59IpWpTspnoUWmeoGMDgo8Bop9aTaLOUt_enLSBaCDi7VZfuDefYOQsU5U2HrjiOA6-LguX7qNcpwlGzlknzcWe6FfQ8G54_W9IpUCWlFHKEXcMP3S2DhogTvI-4Y1PzyoA3Ef_zlGld1H-jdYRzA",
  "payload": ""
}
2026-03-24 05:35:20,306:DEBUG:urllib3.connectionpool:https://acme-v02.api.letsencrypt.org:443 "POST /acme/authz/2889967666/674619277511 HTTP/1.1" 200 828
2026-03-24 05:35:20,307:DEBUG:acme.client:Received response:
HTTP 200
Server: nginx
Date: Tue, 24 Mar 2026 05:35:20 GMT
Content-Type: application/json
Content-Length: 828
Connection: keep-alive
Boulder-Requester: 2889967666
Cache-Control: public, max-age=0, no-cache
Link: <https://acme-v02.api.letsencrypt.org/directory>;rel="index"
Replay-Nonce: O7NrciM4F3q2XSv4LGzAD6OtadLEOYyCGaUdOxtXi2knEK5j-Ps
X-Frame-Options: DENY
Strict-Transport-Security: max-age=604800

{
  "identifier": {
    "type": "dns",
    "value": "www.accredited.co.in"
  },
  "status": "pending",
  "expires": "2026-03-24T19:22:31Z",
  "challenges": [
    {
      "type": "tls-alpn-01",
      "url": "https://acme-v02.api.letsencrypt.org/acme/chall/2889967666/674619277511/obwaig",
      "status": "pending",
      "token": "g3tK_YXVa0ZARMfQ89EM3KWsmc2zvyPQ1S4fQYjqZXQ"
    },
    {
      "type": "dns-01",
      "url": "https://acme-v02.api.letsencrypt.org/acme/chall/2889967666/674619277511/M4nGcA",
      "status": "pending",
      "token": "g3tK_YXVa0ZARMfQ89EM3KWsmc2zvyPQ1S4fQYjqZXQ"
    },
    {
      "type": "http-01",
      "url": "https://acme-v02.api.letsencrypt.org/acme/chall/2889967666/674619277511/2Nc_yA",
      "status": "pending",
      "token": "g3tK_YXVa0ZARMfQ89EM3KWsmc2zvyPQ1S4fQYjqZXQ"
    }
  ]
}
2026-03-24 05:35:20,307:DEBUG:acme.client:Storing nonce: O7NrciM4F3q2XSv4LGzAD6OtadLEOYyCGaUdOxtXi2knEK5j-Ps
2026-03-24 05:35:20,307:INFO:certbot._internal.auth_handler:Performing the following challenges:
2026-03-24 05:35:20,307:INFO:certbot._internal.auth_handler:http-01 challenge for accredited.co.in
2026-03-24 05:35:20,307:INFO:certbot._internal.auth_handler:http-01 challenge for www.accredited.co.in
2026-03-24 05:35:20,308:DEBUG:acme.standalone:Failed to bind to :80 using IPv6
2026-03-24 05:35:20,308:DEBUG:acme.standalone:Failed to bind to :80 using IPv4
2026-03-24 05:35:20,315:DEBUG:certbot._internal.error_handler:Encountered exception:
Traceback (most recent call last):
  File "/usr/lib/python3/dist-packages/certbot/_internal/plugins/standalone.py", line 79, in run
    servers = acme_standalone.HTTP01DualNetworkedServers(
              ^^^^^^^^^^^^^^^^^^^^^^^^^^^^^^^^^^^^^^^^^^^
  File "/usr/lib/python3/dist-packages/acme/standalone.py", line 219, in __init__
    super().__init__(HTTP01Server, *args, **kwargs)
  File "/usr/lib/python3/dist-packages/acme/standalone.py", line 122, in __init__
    raise last_socket_err
  File "/usr/lib/python3/dist-packages/acme/standalone.py", line 97, in __init__
    server = ServerClass(*new_args, **kwargs)
             ^^^^^^^^^^^^^^^^^^^^^^^^^^^^^^^^
  File "/usr/lib/python3/dist-packages/acme/standalone.py", line 209, in __init__
    super().__init__(
  File "/usr/lib/python3/dist-packages/acme/standalone.py", line 201, in __init__
    super().__init__(*args, **kwargs)
  File "/usr/lib/python3.12/socketserver.py", line 457, in __init__
    self.server_bind()
  File "/usr/lib/python3.12/http/server.py", line 136, in server_bind
    socketserver.TCPServer.server_bind(self)
  File "/usr/lib/python3.12/socketserver.py", line 473, in server_bind
    self.socket.bind(self.server_address)
OSError: [Errno 98] Address already in use

During handling of the above exception, another exception occurred:

Traceback (most recent call last):
  File "/usr/lib/python3/dist-packages/certbot/_internal/plugins/standalone.py", line 170, in _try_perform_single
    return self._perform_single(achall)
           ^^^^^^^^^^^^^^^^^^^^^^^^^^^^
  File "/usr/lib/python3/dist-packages/certbot/_internal/plugins/standalone.py", line 176, in _perform_single
    servers, response = self._perform_http_01(achall)
                        ^^^^^^^^^^^^^^^^^^^^^^^^^^^^^
  File "/usr/lib/python3/dist-packages/certbot/_internal/plugins/standalone.py", line 185, in _perform_http_01
    servers = self.servers.run(port, challenges.HTTP01, listenaddr=addr)
              ^^^^^^^^^^^^^^^^^^^^^^^^^^^^^^^^^^^^^^^^^^^^^^^^^^^^^^^^^^
  File "/usr/lib/python3/dist-packages/certbot/_internal/plugins/standalone.py", line 82, in run
    raise errors.StandaloneBindError(error, port)
certbot.errors.StandaloneBindError: Problem binding to port 80: [Errno 98] Address already in use

During handling of the above exception, another exception occurred:

Traceback (most recent call last):
  File "/usr/lib/python3/dist-packages/certbot/_internal/auth_handler.py", line 88, in handle_authorizations
    resps = self.auth.perform(achalls)
            ^^^^^^^^^^^^^^^^^^^^^^^^^^
  File "/usr/lib/python3/dist-packages/certbot/_internal/plugins/standalone.py", line 164, in perform
    return [self._try_perform_single(achall) for achall in achalls]
            ^^^^^^^^^^^^^^^^^^^^^^^^^^^^^^^^
  File "/usr/lib/python3/dist-packages/certbot/_internal/plugins/standalone.py", line 172, in _try_perform_single
    _handle_perform_error(error)
  File "/usr/lib/python3/dist-packages/certbot/_internal/plugins/standalone.py", line 226, in _handle_perform_error
    raise errors.PluginError(msg)
certbot.errors.PluginError: Could not bind TCP port 80 because it is already in use by another process on this system (such as a web server). Please stop the program in question and then try again.

2026-03-24 05:35:20,315:DEBUG:certbot._internal.error_handler:Calling registered functions
2026-03-24 05:35:20,315:INFO:certbot._internal.auth_handler:Cleaning up challenges
2026-03-24 05:35:20,316:ERROR:certbot._internal.renewal:Failed to renew certificate accredited.co.in with error: Could not bind TCP port 80 because it is already in use by another process on this system (such as a web server). Please stop the program in question and then try again.
2026-03-24 05:35:20,322:DEBUG:certbot._internal.renewal:Traceback was:
Traceback (most recent call last):
  File "/usr/lib/python3/dist-packages/certbot/_internal/plugins/standalone.py", line 79, in run
    servers = acme_standalone.HTTP01DualNetworkedServers(
              ^^^^^^^^^^^^^^^^^^^^^^^^^^^^^^^^^^^^^^^^^^^
  File "/usr/lib/python3/dist-packages/acme/standalone.py", line 219, in __init__
    super().__init__(HTTP01Server, *args, **kwargs)
  File "/usr/lib/python3/dist-packages/acme/standalone.py", line 122, in __init__
    raise last_socket_err
  File "/usr/lib/python3/dist-packages/acme/standalone.py", line 97, in __init__
    server = ServerClass(*new_args, **kwargs)
             ^^^^^^^^^^^^^^^^^^^^^^^^^^^^^^^^
  File "/usr/lib/python3/dist-packages/acme/standalone.py", line 209, in __init__
    super().__init__(
  File "/usr/lib/python3/dist-packages/acme/standalone.py", line 201, in __init__
    super().__init__(*args, **kwargs)
  File "/usr/lib/python3.12/socketserver.py", line 457, in __init__
    self.server_bind()
  File "/usr/lib/python3.12/http/server.py", line 136, in server_bind
    socketserver.TCPServer.server_bind(self)
  File "/usr/lib/python3.12/socketserver.py", line 473, in server_bind
    self.socket.bind(self.server_address)
OSError: [Errno 98] Address already in use

During handling of the above exception, another exception occurred:

Traceback (most recent call last):
  File "/usr/lib/python3/dist-packages/certbot/_internal/plugins/standalone.py", line 170, in _try_perform_single
    return self._perform_single(achall)
           ^^^^^^^^^^^^^^^^^^^^^^^^^^^^
  File "/usr/lib/python3/dist-packages/certbot/_internal/plugins/standalone.py", line 176, in _perform_single
    servers, response = self._perform_http_01(achall)
                        ^^^^^^^^^^^^^^^^^^^^^^^^^^^^^
  File "/usr/lib/python3/dist-packages/certbot/_internal/plugins/standalone.py", line 185, in _perform_http_01
    servers = self.servers.run(port, challenges.HTTP01, listenaddr=addr)
              ^^^^^^^^^^^^^^^^^^^^^^^^^^^^^^^^^^^^^^^^^^^^^^^^^^^^^^^^^^
  File "/usr/lib/python3/dist-packages/certbot/_internal/plugins/standalone.py", line 82, in run
    raise errors.StandaloneBindError(error, port)
certbot.errors.StandaloneBindError: Problem binding to port 80: [Errno 98] Address already in use

During handling of the above exception, another exception occurred:

Traceback (most recent call last):
  File "/usr/lib/python3/dist-packages/certbot/_internal/renewal.py", line 540, in handle_renewal_request
    main.renew_cert(lineage_config, plugins, renewal_candidate)
  File "/usr/lib/python3/dist-packages/certbot/_internal/main.py", line 1550, in renew_cert
    renewed_lineage = _get_and_save_cert(le_client, config, lineage=lineage)
                      ^^^^^^^^^^^^^^^^^^^^^^^^^^^^^^^^^^^^^^^^^^^^^^^^^^^^^^
  File "/usr/lib/python3/dist-packages/certbot/_internal/main.py", line 131, in _get_and_save_cert
    renewal.renew_cert(config, domains, le_client, lineage)
  File "/usr/lib/python3/dist-packages/certbot/_internal/renewal.py", line 399, in renew_cert
    new_cert, new_chain, new_key, _ = le_client.obtain_certificate(domains, new_key)
                                      ^^^^^^^^^^^^^^^^^^^^^^^^^^^^^^^^^^^^^^^^^^^^^^
  File "/usr/lib/python3/dist-packages/certbot/_internal/client.py", line 428, in obtain_certificate
    orderr = self._get_order_and_authorizations(csr.data, self.config.allow_subset_of_names)
             ^^^^^^^^^^^^^^^^^^^^^^^^^^^^^^^^^^^^^^^^^^^^^^^^^^^^^^^^^^^^^^^^^^^^^^^^^^^^^^^
  File "/usr/lib/python3/dist-packages/certbot/_internal/client.py", line 496, in _get_order_and_authorizations
    authzr = self.auth_handler.handle_authorizations(orderr, self.config, best_effort)
             ^^^^^^^^^^^^^^^^^^^^^^^^^^^^^^^^^^^^^^^^^^^^^^^^^^^^^^^^^^^^^^^^^^^^^^^^^
  File "/usr/lib/python3/dist-packages/certbot/_internal/auth_handler.py", line 88, in handle_authorizations
    resps = self.auth.perform(achalls)
            ^^^^^^^^^^^^^^^^^^^^^^^^^^
  File "/usr/lib/python3/dist-packages/certbot/_internal/plugins/standalone.py", line 164, in perform
    return [self._try_perform_single(achall) for achall in achalls]
            ^^^^^^^^^^^^^^^^^^^^^^^^^^^^^^^^
  File "/usr/lib/python3/dist-packages/certbot/_internal/plugins/standalone.py", line 172, in _try_perform_single
    _handle_perform_error(error)
  File "/usr/lib/python3/dist-packages/certbot/_internal/plugins/standalone.py", line 226, in _handle_perform_error
    raise errors.PluginError(msg)
certbot.errors.PluginError: Could not bind TCP port 80 because it is already in use by another process on this system (such as a web server). Please stop the program in question and then try again.

2026-03-24 05:35:20,324:DEBUG:certbot._internal.display.obj:Notifying user: 
- - - - - - - - - - - - - - - - - - - - - - - - - - - - - - - - - - - - - - - -
2026-03-24 05:35:20,324:ERROR:certbot._internal.renewal:All renewals failed. The following certificates could not be renewed:
2026-03-24 05:35:20,324:ERROR:certbot._internal.renewal:  /etc/letsencrypt/live/accredited.co.in/fullchain.pem (failure)
2026-03-24 05:35:20,324:DEBUG:certbot._internal.display.obj:Notifying user: - - - - - - - - - - - - - - - - - - - - - - - - - - - - - - - - - - - - - - - -
2026-03-24 05:35:20,324:DEBUG:certbot._internal.log:Exiting abnormally:
Traceback (most recent call last):
  File "/usr/bin/certbot", line 33, in <module>
    sys.exit(load_entry_point('certbot==2.9.0', 'console_scripts', 'certbot')())
             ^^^^^^^^^^^^^^^^^^^^^^^^^^^^^^^^^^^^^^^^^^^^^^^^^^^^^^^^^^^^^^^^^^
  File "/usr/lib/python3/dist-packages/certbot/main.py", line 19, in main
    return internal_main.main(cli_args)
           ^^^^^^^^^^^^^^^^^^^^^^^^^^^^
  File "/usr/lib/python3/dist-packages/certbot/_internal/main.py", line 1894, in main
    return config.func(config, plugins)
           ^^^^^^^^^^^^^^^^^^^^^^^^^^^^
  File "/usr/lib/python3/dist-packages/certbot/_internal/main.py", line 1642, in renew
    renewed_domains, failed_domains = renewal.handle_renewal_request(config)
                                      ^^^^^^^^^^^^^^^^^^^^^^^^^^^^^^^^^^^^^^
  File "/usr/lib/python3/dist-packages/certbot/_internal/renewal.py", line 568, in handle_renewal_request
    raise errors.Error(
certbot.errors.Error: 1 renew failure(s), 0 parse failure(s)
2026-03-24 05:35:20,326:ERROR:certbot._internal.log:1 renew failure(s), 0 parse failure(s)
2026-03-24 12:01:35,181:DEBUG:certbot._internal.main:certbot version: 2.9.0
2026-03-24 12:01:35,182:DEBUG:certbot._internal.main:Location of certbot entry point: /usr/bin/certbot
2026-03-24 12:01:35,182:DEBUG:certbot._internal.main:Arguments: ['-q', '--no-random-sleep-on-renew']
2026-03-24 12:01:35,182:DEBUG:certbot._internal.main:Discovered plugins: PluginsRegistry(PluginEntryPoint#manual,PluginEntryPoint#nginx,PluginEntryPoint#null,PluginEntryPoint#standalone,PluginEntryPoint#webroot)
2026-03-24 12:01:35,241:DEBUG:certbot._internal.log:Root logging level set at 40
2026-03-24 12:01:35,244:DEBUG:certbot._internal.display.obj:Notifying user: Processing /etc/letsencrypt/renewal/accredited.co.in.conf
2026-03-24 12:01:35,248:DEBUG:certbot._internal.plugins.selection:Requested authenticator None and installer None
2026-03-24 12:01:35,300:DEBUG:certbot._internal.storage:Should renew, less than 30 days before certificate expiry 2026-03-18 16:57:35 UTC.
2026-03-24 12:01:35,300:INFO:certbot._internal.renewal:Certificate is due for renewal, auto-renewing...
2026-03-24 12:01:35,300:DEBUG:certbot._internal.plugins.selection:Requested authenticator standalone and installer None
2026-03-24 12:01:35,300:DEBUG:certbot._internal.plugins.selection:Single candidate plugin: * standalone
Description: Runs an HTTP server locally which serves the necessary validation files under the /.well-known/acme-challenge/ request path. Suitable if there is no HTTP server already running. HTTP challenge only (wildcards not supported).
Interfaces: Authenticator, Plugin
Entry point: EntryPoint(name='standalone', value='certbot._internal.plugins.standalone:Authenticator', group='certbot.plugins')
Initialized: <certbot._internal.plugins.standalone.Authenticator object at 0x70866c3c5f10>
Prep: True
2026-03-24 12:01:35,301:DEBUG:certbot._internal.plugins.selection:Selected authenticator <certbot._internal.plugins.standalone.Authenticator object at 0x70866c3c5f10> and installer None
2026-03-24 12:01:35,301:INFO:certbot._internal.plugins.selection:Plugins selected: Authenticator standalone, Installer None
2026-03-24 12:01:35,464:DEBUG:certbot._internal.main:Picked account: <Account(RegistrationResource(body=Registration(key=None, contact=(), agreement=None, status=None, terms_of_service_agreed=None, only_return_existing=None, external_account_binding=None), uri='https://acme-v02.api.letsencrypt.org/acme/acct/2889967666', new_authzr_uri=None, terms_of_service=None), 3f20d240b6117a9a90f93992868e4805, Meta(creation_dt=datetime.datetime(2025, 12, 18, 15, 52, 45, tzinfo=<UTC>), creation_host='instance-20251218-1639', register_to_eff=None))>
2026-03-24 12:01:35,465:DEBUG:acme.client:Sending GET request to https://acme-v02.api.letsencrypt.org/directory.
2026-03-24 12:01:35,468:DEBUG:urllib3.connectionpool:Starting new HTTPS connection (1): acme-v02.api.letsencrypt.org:443
2026-03-24 12:01:36,188:DEBUG:urllib3.connectionpool:https://acme-v02.api.letsencrypt.org:443 "GET /directory HTTP/1.1" 200 1033
2026-03-24 12:01:36,189:DEBUG:acme.client:Received response:
HTTP 200
Server: nginx
Date: Tue, 24 Mar 2026 12:01:36 GMT
Content-Type: application/json
Content-Length: 1033
Connection: keep-alive
Cache-Control: public, max-age=0, no-cache
X-Frame-Options: DENY
Strict-Transport-Security: max-age=604800

{
  "KUKMYRcpghw": "https://community.letsencrypt.org/t/adding-random-entries-to-the-directory/33417",
  "keyChange": "https://acme-v02.api.letsencrypt.org/acme/key-change",
  "meta": {
    "caaIdentities": [
      "letsencrypt.org"
    ],
    "profiles": {
      "classic": "https://letsencrypt.org/docs/profiles#classic",
      "shortlived": "https://letsencrypt.org/docs/profiles#shortlived",
      "tlsclient": "https://letsencrypt.org/docs/profiles#tlsclient",
      "tlsserver": "https://letsencrypt.org/docs/profiles#tlsserver"
    },
    "termsOfService": "https://letsencrypt.org/documents/LE-SA-v1.6-August-18-2025.pdf",
    "website": "https://letsencrypt.org"
  },
  "newAccount": "https://acme-v02.api.letsencrypt.org/acme/new-acct",
  "newNonce": "https://acme-v02.api.letsencrypt.org/acme/new-nonce",
  "newOrder": "https://acme-v02.api.letsencrypt.org/acme/new-order",
  "renewalInfo": "https://acme-v02.api.letsencrypt.org/acme/renewal-info",
  "revokeCert": "https://acme-v02.api.letsencrypt.org/acme/revoke-cert"
}
2026-03-24 12:01:36,193:DEBUG:certbot._internal.display.obj:Notifying user: Renewing an existing certificate for accredited.co.in and www.accredited.co.in
2026-03-24 12:01:36,199:DEBUG:acme.client:Requesting fresh nonce
2026-03-24 12:01:36,199:DEBUG:acme.client:Sending HEAD request to https://acme-v02.api.letsencrypt.org/acme/new-nonce.
2026-03-24 12:01:36,437:DEBUG:urllib3.connectionpool:https://acme-v02.api.letsencrypt.org:443 "HEAD /acme/new-nonce HTTP/1.1" 200 0
2026-03-24 12:01:36,438:DEBUG:acme.client:Received response:
HTTP 200
Server: nginx
Date: Tue, 24 Mar 2026 12:01:36 GMT
Connection: keep-alive
Cache-Control: public, max-age=0, no-cache
Link: <https://acme-v02.api.letsencrypt.org/directory>;rel="index"
Replay-Nonce: pR9UrBEETxK4Lz9Ep1fn7QaljQWwLATtiWtkT4-n3Vp7LOMp3aM
X-Frame-Options: DENY
Strict-Transport-Security: max-age=604800


2026-03-24 12:01:36,438:DEBUG:acme.client:Storing nonce: pR9UrBEETxK4Lz9Ep1fn7QaljQWwLATtiWtkT4-n3Vp7LOMp3aM
2026-03-24 12:01:36,438:DEBUG:acme.client:JWS payload:
b'{\n  "identifiers": [\n    {\n      "type": "dns",\n      "value": "accredited.co.in"\n    },\n    {\n      "type": "dns",\n      "value": "www.accredited.co.in"\n    }\n  ]\n}'
2026-03-24 12:01:36,442:DEBUG:acme.client:Sending POST request to https://acme-v02.api.letsencrypt.org/acme/new-order:
{
  "protected": "eyJhbGciOiAiUlMyNTYiLCAia2lkIjogImh0dHBzOi8vYWNtZS12MDIuYXBpLmxldHNlbmNyeXB0Lm9yZy9hY21lL2FjY3QvMjg4OTk2NzY2NiIsICJub25jZSI6ICJwUjlVckJFRVR4SzRMejlFcDFmbjdRYWxqUVd3TEFUdGlXdGtUNC1uM1ZwN0xPTXAzYU0iLCAidXJsIjogImh0dHBzOi8vYWNtZS12MDIuYXBpLmxldHNlbmNyeXB0Lm9yZy9hY21lL25ldy1vcmRlciJ9",
  "signature": "LzrDr2aR6AOm7qv7ZRfx9bLkOgdxHzYh-K3_f6Rs_q9MQZIIEFTPCeRjcBAPEOILHy3XVTih7F19qqoXt9ZResP6_yG4OJleV9s2yjJuESKOJRWuMu-oNrq11EZBbYMCLE3hpVjvatL28N1aZsHnzOJy8HvimAODRm0QL6b4qtxUiXufszzH5vODzfbbCrUjJffx03pgLTN3Zui2yL49GAA_aJm6US6jXnWCuaH8MqMwCYV7hBPQlrMbM90vyfQdwn-jqt2PcOAopl8nq_1ANR0ubu1pDzTONUi_2o6i9rZ62zSLGU1wZzkcn8ynuISLJ3yF05JSzYLeUjd4athXdA",
  "payload": "ewogICJpZGVudGlmaWVycyI6IFsKICAgIHsKICAgICAgInR5cGUiOiAiZG5zIiwKICAgICAgInZhbHVlIjogImFjY3JlZGl0ZWQuY28uaW4iCiAgICB9LAogICAgewogICAgICAidHlwZSI6ICJkbnMiLAogICAgICAidmFsdWUiOiAid3d3LmFjY3JlZGl0ZWQuY28uaW4iCiAgICB9CiAgXQp9"
}
2026-03-24 12:01:36,726:DEBUG:urllib3.connectionpool:https://acme-v02.api.letsencrypt.org:443 "POST /acme/new-order HTTP/1.1" 201 501
2026-03-24 12:01:36,727:DEBUG:acme.client:Received response:
HTTP 201
Server: nginx
Date: Tue, 24 Mar 2026 12:01:36 GMT
Content-Type: application/json
Content-Length: 501
Connection: keep-alive
Boulder-Requester: 2889967666
Cache-Control: public, max-age=0, no-cache
Link: <https://acme-v02.api.letsencrypt.org/directory>;rel="index"
Location: https://acme-v02.api.letsencrypt.org/acme/order/2889967666/491546949151
Replay-Nonce: tWo_Kf9RWnavLjiH5SxdauP2ox9sGOWqpNLARk1ZUGHVRfnC36w
X-Frame-Options: DENY
Strict-Transport-Security: max-age=604800

{
  "status": "pending",
  "expires": "2026-03-24T19:22:31Z",
  "identifiers": [
    {
      "type": "dns",
      "value": "accredited.co.in"
    },
    {
      "type": "dns",
      "value": "www.accredited.co.in"
    }
  ],
  "authorizations": [
    "https://acme-v02.api.letsencrypt.org/acme/authz/2889967666/674619277501",
    "https://acme-v02.api.letsencrypt.org/acme/authz/2889967666/674619277511"
  ],
  "finalize": "https://acme-v02.api.letsencrypt.org/acme/finalize/2889967666/491546949151"
}
2026-03-24 12:01:36,727:DEBUG:acme.client:Storing nonce: tWo_Kf9RWnavLjiH5SxdauP2ox9sGOWqpNLARk1ZUGHVRfnC36w
2026-03-24 12:01:36,727:DEBUG:acme.client:JWS payload:
b''
2026-03-24 12:01:36,729:DEBUG:acme.client:Sending POST request to https://acme-v02.api.letsencrypt.org/acme/authz/2889967666/674619277501:
{
  "protected": "eyJhbGciOiAiUlMyNTYiLCAia2lkIjogImh0dHBzOi8vYWNtZS12MDIuYXBpLmxldHNlbmNyeXB0Lm9yZy9hY21lL2FjY3QvMjg4OTk2NzY2NiIsICJub25jZSI6ICJ0V29fS2Y5UlduYXZMamlINVN4ZGF1UDJveDlzR09XcXBOTEFSazFaVUdIVlJmbkMzNnciLCAidXJsIjogImh0dHBzOi8vYWNtZS12MDIuYXBpLmxldHNlbmNyeXB0Lm9yZy9hY21lL2F1dGh6LzI4ODk5Njc2NjYvNjc0NjE5Mjc3NTAxIn0",
  "signature": "0iacxFQCfRUC7Tym2HD9VgDC0QXTYCZolfaPx3h7pewupygy_2ra2FKI6h8KvxZHzP7Zurc_cQ_zRXtrZttF_maGVFQIyzpweT7GJCFbcCrmvMcuaHRUzuxmsjSqVM9s0ZtiWU77khuJLvIOKBOmvLdGjAy9lq_4FOBMXhtbL2KfbmHirryvHZVSbt9nztB3vf_Az9aY-8qTCzI6Izh7Cs6VUfAjzhWt0F0-9DmGzUUip1fW6CGwKfBNFTiZotUF1oORXBlKsxRLRiONzsrsewq1m5_WVowslFNnOVU8kgGWDPxbBNUuBN-uSYoZ7r2OxfiSc7jT3urvE_P3hEDY-w",
  "payload": ""
}
2026-03-24 12:01:36,970:DEBUG:urllib3.connectionpool:https://acme-v02.api.letsencrypt.org:443 "POST /acme/authz/2889967666/674619277501 HTTP/1.1" 200 824
2026-03-24 12:01:36,970:DEBUG:acme.client:Received response:
HTTP 200
Server: nginx
Date: Tue, 24 Mar 2026 12:01:36 GMT
Content-Type: application/json
Content-Length: 824
Connection: keep-alive
Boulder-Requester: 2889967666
Cache-Control: public, max-age=0, no-cache
Link: <https://acme-v02.api.letsencrypt.org/directory>;rel="index"
Replay-Nonce: pR9UrBEE-Q4Cu_HQ6xtG6xp8JkZlo_RYcUFqp2Gx5NwaiIx-9PY
X-Frame-Options: DENY
Strict-Transport-Security: max-age=604800

{
  "identifier": {
    "type": "dns",
    "value": "accredited.co.in"
  },
  "status": "pending",
  "expires": "2026-03-24T19:22:31Z",
  "challenges": [
    {
      "type": "http-01",
      "url": "https://acme-v02.api.letsencrypt.org/acme/chall/2889967666/674619277501/1KcMLA",
      "status": "pending",
      "token": "WfgMUdGWAXelFjXd5QZ5CujU8B4X34xQ8XNbXXXfUI8"
    },
    {
      "type": "tls-alpn-01",
      "url": "https://acme-v02.api.letsencrypt.org/acme/chall/2889967666/674619277501/hyiYdQ",
      "status": "pending",
      "token": "WfgMUdGWAXelFjXd5QZ5CujU8B4X34xQ8XNbXXXfUI8"
    },
    {
      "type": "dns-01",
      "url": "https://acme-v02.api.letsencrypt.org/acme/chall/2889967666/674619277501/NEcoyw",
      "status": "pending",
      "token": "WfgMUdGWAXelFjXd5QZ5CujU8B4X34xQ8XNbXXXfUI8"
    }
  ]
}
2026-03-24 12:01:36,970:DEBUG:acme.client:Storing nonce: pR9UrBEE-Q4Cu_HQ6xtG6xp8JkZlo_RYcUFqp2Gx5NwaiIx-9PY
2026-03-24 12:01:36,971:DEBUG:acme.client:JWS payload:
b''
2026-03-24 12:01:36,973:DEBUG:acme.client:Sending POST request to https://acme-v02.api.letsencrypt.org/acme/authz/2889967666/674619277511:
{
  "protected": "eyJhbGciOiAiUlMyNTYiLCAia2lkIjogImh0dHBzOi8vYWNtZS12MDIuYXBpLmxldHNlbmNyeXB0Lm9yZy9hY21lL2FjY3QvMjg4OTk2NzY2NiIsICJub25jZSI6ICJwUjlVckJFRS1RNEN1X0hRNnh0RzZ4cDhKa1psb19SWWNVRnFwMkd4NU53YWlJeC05UFkiLCAidXJsIjogImh0dHBzOi8vYWNtZS12MDIuYXBpLmxldHNlbmNyeXB0Lm9yZy9hY21lL2F1dGh6LzI4ODk5Njc2NjYvNjc0NjE5Mjc3NTExIn0",
  "signature": "EqLh8Xwan4NlBqHI40Kai0fFCpSvLSWxP5GafdYsi4EiDoR_fdZYhSy2l6NxSDHGq557RSxv8qPIY8Bax4F25HNYwqvjsXxYdRChd1e03kmNz-tCgzRepk1FJQBKGUVI56_aco27rfaUdvpu2K2a3AEqlLoxsW94xb-nXXOFvhT4kjb456YwqAmPAPjY86tK7jPYIeMYH1ICc5WQTnJ8ytvz_fMSkllm6Y1mcbKEnd9tWJas7e8IW29_DLTVgkDe-Z2cxb44wO56MP1ZBDGIdKab-8phJW6yQW5CsC9pa6ZwIrg75izDEVwt1t-hqwg4-tTJcxXSsVPh5Wk1igxJmA",
  "payload": ""
}
2026-03-24 12:01:37,214:DEBUG:urllib3.connectionpool:https://acme-v02.api.letsencrypt.org:443 "POST /acme/authz/2889967666/674619277511 HTTP/1.1" 200 828
2026-03-24 12:01:37,215:DEBUG:acme.client:Received response:
HTTP 200
Server: nginx
Date: Tue, 24 Mar 2026 12:01:37 GMT
Content-Type: application/json
Content-Length: 828
Connection: keep-alive
Boulder-Requester: 2889967666
Cache-Control: public, max-age=0, no-cache
Link: <https://acme-v02.api.letsencrypt.org/directory>;rel="index"
Replay-Nonce: tWo_Kf9RmObRwaiqPGoIEaOroWewqfSMSYvQV-QPD9Be88iaT-c
X-Frame-Options: DENY
Strict-Transport-Security: max-age=604800

{
  "identifier": {
    "type": "dns",
    "value": "www.accredited.co.in"
  },
  "status": "pending",
  "expires": "2026-03-24T19:22:31Z",
  "challenges": [
    {
      "type": "http-01",
      "url": "https://acme-v02.api.letsencrypt.org/acme/chall/2889967666/674619277511/2Nc_yA",
      "status": "pending",
      "token": "g3tK_YXVa0ZARMfQ89EM3KWsmc2zvyPQ1S4fQYjqZXQ"
    },
    {
      "type": "tls-alpn-01",
      "url": "https://acme-v02.api.letsencrypt.org/acme/chall/2889967666/674619277511/obwaig",
      "status": "pending",
      "token": "g3tK_YXVa0ZARMfQ89EM3KWsmc2zvyPQ1S4fQYjqZXQ"
    },
    {
      "type": "dns-01",
      "url": "https://acme-v02.api.letsencrypt.org/acme/chall/2889967666/674619277511/M4nGcA",
      "status": "pending",
      "token": "g3tK_YXVa0ZARMfQ89EM3KWsmc2zvyPQ1S4fQYjqZXQ"
    }
  ]
}
2026-03-24 12:01:37,215:DEBUG:acme.client:Storing nonce: tWo_Kf9RmObRwaiqPGoIEaOroWewqfSMSYvQV-QPD9Be88iaT-c
2026-03-24 12:01:37,216:INFO:certbot._internal.auth_handler:Performing the following challenges:
2026-03-24 12:01:37,216:INFO:certbot._internal.auth_handler:http-01 challenge for accredited.co.in
2026-03-24 12:01:37,216:INFO:certbot._internal.auth_handler:http-01 challenge for www.accredited.co.in
2026-03-24 12:01:37,216:DEBUG:acme.standalone:Failed to bind to :80 using IPv6
2026-03-24 12:01:37,216:DEBUG:acme.standalone:Failed to bind to :80 using IPv4
2026-03-24 12:01:37,223:DEBUG:certbot._internal.error_handler:Encountered exception:
Traceback (most recent call last):
  File "/usr/lib/python3/dist-packages/certbot/_internal/plugins/standalone.py", line 79, in run
    servers = acme_standalone.HTTP01DualNetworkedServers(
              ^^^^^^^^^^^^^^^^^^^^^^^^^^^^^^^^^^^^^^^^^^^
  File "/usr/lib/python3/dist-packages/acme/standalone.py", line 219, in __init__
    super().__init__(HTTP01Server, *args, **kwargs)
  File "/usr/lib/python3/dist-packages/acme/standalone.py", line 122, in __init__
    raise last_socket_err
  File "/usr/lib/python3/dist-packages/acme/standalone.py", line 97, in __init__
    server = ServerClass(*new_args, **kwargs)
             ^^^^^^^^^^^^^^^^^^^^^^^^^^^^^^^^
  File "/usr/lib/python3/dist-packages/acme/standalone.py", line 209, in __init__
    super().__init__(
  File "/usr/lib/python3/dist-packages/acme/standalone.py", line 201, in __init__
    super().__init__(*args, **kwargs)
  File "/usr/lib/python3.12/socketserver.py", line 457, in __init__
    self.server_bind()
  File "/usr/lib/python3.12/http/server.py", line 136, in server_bind
    socketserver.TCPServer.server_bind(self)
  File "/usr/lib/python3.12/socketserver.py", line 473, in server_bind
    self.socket.bind(self.server_address)
OSError: [Errno 98] Address already in use

During handling of the above exception, another exception occurred:

Traceback (most recent call last):
  File "/usr/lib/python3/dist-packages/certbot/_internal/plugins/standalone.py", line 170, in _try_perform_single
    return self._perform_single(achall)
           ^^^^^^^^^^^^^^^^^^^^^^^^^^^^
  File "/usr/lib/python3/dist-packages/certbot/_internal/plugins/standalone.py", line 176, in _perform_single
    servers, response = self._perform_http_01(achall)
                        ^^^^^^^^^^^^^^^^^^^^^^^^^^^^^
  File "/usr/lib/python3/dist-packages/certbot/_internal/plugins/standalone.py", line 185, in _perform_http_01
    servers = self.servers.run(port, challenges.HTTP01, listenaddr=addr)
              ^^^^^^^^^^^^^^^^^^^^^^^^^^^^^^^^^^^^^^^^^^^^^^^^^^^^^^^^^^
  File "/usr/lib/python3/dist-packages/certbot/_internal/plugins/standalone.py", line 82, in run
    raise errors.StandaloneBindError(error, port)
certbot.errors.StandaloneBindError: Problem binding to port 80: [Errno 98] Address already in use

During handling of the above exception, another exception occurred:

Traceback (most recent call last):
  File "/usr/lib/python3/dist-packages/certbot/_internal/auth_handler.py", line 88, in handle_authorizations
    resps = self.auth.perform(achalls)
            ^^^^^^^^^^^^^^^^^^^^^^^^^^
  File "/usr/lib/python3/dist-packages/certbot/_internal/plugins/standalone.py", line 164, in perform
    return [self._try_perform_single(achall) for achall in achalls]
            ^^^^^^^^^^^^^^^^^^^^^^^^^^^^^^^^
  File "/usr/lib/python3/dist-packages/certbot/_internal/plugins/standalone.py", line 172, in _try_perform_single
    _handle_perform_error(error)
  File "/usr/lib/python3/dist-packages/certbot/_internal/plugins/standalone.py", line 226, in _handle_perform_error
    raise errors.PluginError(msg)
certbot.errors.PluginError: Could not bind TCP port 80 because it is already in use by another process on this system (such as a web server). Please stop the program in question and then try again.

2026-03-24 12:01:37,223:DEBUG:certbot._internal.error_handler:Calling registered functions
2026-03-24 12:01:37,223:INFO:certbot._internal.auth_handler:Cleaning up challenges
2026-03-24 12:01:37,224:ERROR:certbot._internal.renewal:Failed to renew certificate accredited.co.in with error: Could not bind TCP port 80 because it is already in use by another process on this system (such as a web server). Please stop the program in question and then try again.
2026-03-24 12:01:37,231:DEBUG:certbot._internal.renewal:Traceback was:
Traceback (most recent call last):
  File "/usr/lib/python3/dist-packages/certbot/_internal/plugins/standalone.py", line 79, in run
    servers = acme_standalone.HTTP01DualNetworkedServers(
              ^^^^^^^^^^^^^^^^^^^^^^^^^^^^^^^^^^^^^^^^^^^
  File "/usr/lib/python3/dist-packages/acme/standalone.py", line 219, in __init__
    super().__init__(HTTP01Server, *args, **kwargs)
  File "/usr/lib/python3/dist-packages/acme/standalone.py", line 122, in __init__
    raise last_socket_err
  File "/usr/lib/python3/dist-packages/acme/standalone.py", line 97, in __init__
    server = ServerClass(*new_args, **kwargs)
             ^^^^^^^^^^^^^^^^^^^^^^^^^^^^^^^^
  File "/usr/lib/python3/dist-packages/acme/standalone.py", line 209, in __init__
    super().__init__(
  File "/usr/lib/python3/dist-packages/acme/standalone.py", line 201, in __init__
    super().__init__(*args, **kwargs)
  File "/usr/lib/python3.12/socketserver.py", line 457, in __init__
    self.server_bind()
  File "/usr/lib/python3.12/http/server.py", line 136, in server_bind
    socketserver.TCPServer.server_bind(self)
  File "/usr/lib/python3.12/socketserver.py", line 473, in server_bind
    self.socket.bind(self.server_address)
OSError: [Errno 98] Address already in use

During handling of the above exception, another exception occurred:

Traceback (most recent call last):
  File "/usr/lib/python3/dist-packages/certbot/_internal/plugins/standalone.py", line 170, in _try_perform_single
    return self._perform_single(achall)
           ^^^^^^^^^^^^^^^^^^^^^^^^^^^^
  File "/usr/lib/python3/dist-packages/certbot/_internal/plugins/standalone.py", line 176, in _perform_single
    servers, response = self._perform_http_01(achall)
                        ^^^^^^^^^^^^^^^^^^^^^^^^^^^^^
  File "/usr/lib/python3/dist-packages/certbot/_internal/plugins/standalone.py", line 185, in _perform_http_01
    servers = self.servers.run(port, challenges.HTTP01, listenaddr=addr)
              ^^^^^^^^^^^^^^^^^^^^^^^^^^^^^^^^^^^^^^^^^^^^^^^^^^^^^^^^^^
  File "/usr/lib/python3/dist-packages/certbot/_internal/plugins/standalone.py", line 82, in run
    raise errors.StandaloneBindError(error, port)
certbot.errors.StandaloneBindError: Problem binding to port 80: [Errno 98] Address already in use

During handling of the above exception, another exception occurred:

Traceback (most recent call last):
  File "/usr/lib/python3/dist-packages/certbot/_internal/renewal.py", line 540, in handle_renewal_request
    main.renew_cert(lineage_config, plugins, renewal_candidate)
  File "/usr/lib/python3/dist-packages/certbot/_internal/main.py", line 1550, in renew_cert
    renewed_lineage = _get_and_save_cert(le_client, config, lineage=lineage)
                      ^^^^^^^^^^^^^^^^^^^^^^^^^^^^^^^^^^^^^^^^^^^^^^^^^^^^^^
  File "/usr/lib/python3/dist-packages/certbot/_internal/main.py", line 131, in _get_and_save_cert
    renewal.renew_cert(config, domains, le_client, lineage)
  File "/usr/lib/python3/dist-packages/certbot/_internal/renewal.py", line 399, in renew_cert
    new_cert, new_chain, new_key, _ = le_client.obtain_certificate(domains, new_key)
                                      ^^^^^^^^^^^^^^^^^^^^^^^^^^^^^^^^^^^^^^^^^^^^^^
  File "/usr/lib/python3/dist-packages/certbot/_internal/client.py", line 428, in obtain_certificate
    orderr = self._get_order_and_authorizations(csr.data, self.config.allow_subset_of_names)
             ^^^^^^^^^^^^^^^^^^^^^^^^^^^^^^^^^^^^^^^^^^^^^^^^^^^^^^^^^^^^^^^^^^^^^^^^^^^^^^^
  File "/usr/lib/python3/dist-packages/certbot/_internal/client.py", line 496, in _get_order_and_authorizations
    authzr = self.auth_handler.handle_authorizations(orderr, self.config, best_effort)
             ^^^^^^^^^^^^^^^^^^^^^^^^^^^^^^^^^^^^^^^^^^^^^^^^^^^^^^^^^^^^^^^^^^^^^^^^^
  File "/usr/lib/python3/dist-packages/certbot/_internal/auth_handler.py", line 88, in handle_authorizations
    resps = self.auth.perform(achalls)
            ^^^^^^^^^^^^^^^^^^^^^^^^^^
  File "/usr/lib/python3/dist-packages/certbot/_internal/plugins/standalone.py", line 164, in perform
    return [self._try_perform_single(achall) for achall in achalls]
            ^^^^^^^^^^^^^^^^^^^^^^^^^^^^^^^^
  File "/usr/lib/python3/dist-packages/certbot/_internal/plugins/standalone.py", line 172, in _try_perform_single
    _handle_perform_error(error)
  File "/usr/lib/python3/dist-packages/certbot/_internal/plugins/standalone.py", line 226, in _handle_perform_error
    raise errors.PluginError(msg)
certbot.errors.PluginError: Could not bind TCP port 80 because it is already in use by another process on this system (such as a web server). Please stop the program in question and then try again.

2026-03-24 12:01:37,232:DEBUG:certbot._internal.display.obj:Notifying user: 
- - - - - - - - - - - - - - - - - - - - - - - - - - - - - - - - - - - - - - - -
2026-03-24 12:01:37,232:ERROR:certbot._internal.renewal:All renewals failed. The following certificates could not be renewed:
2026-03-24 12:01:37,232:ERROR:certbot._internal.renewal:  /etc/letsencrypt/live/accredited.co.in/fullchain.pem (failure)
2026-03-24 12:01:37,232:DEBUG:certbot._internal.display.obj:Notifying user: - - - - - - - - - - - - - - - - - - - - - - - - - - - - - - - - - - - - - - - -
2026-03-24 12:01:37,233:DEBUG:certbot._internal.log:Exiting abnormally:
Traceback (most recent call last):
  File "/usr/bin/certbot", line 33, in <module>
    sys.exit(load_entry_point('certbot==2.9.0', 'console_scripts', 'certbot')())
             ^^^^^^^^^^^^^^^^^^^^^^^^^^^^^^^^^^^^^^^^^^^^^^^^^^^^^^^^^^^^^^^^^^
  File "/usr/lib/python3/dist-packages/certbot/main.py", line 19, in main
    return internal_main.main(cli_args)
           ^^^^^^^^^^^^^^^^^^^^^^^^^^^^
  File "/usr/lib/python3/dist-packages/certbot/_internal/main.py", line 1894, in main
    return config.func(config, plugins)
           ^^^^^^^^^^^^^^^^^^^^^^^^^^^^
  File "/usr/lib/python3/dist-packages/certbot/_internal/main.py", line 1642, in renew
    renewed_domains, failed_domains = renewal.handle_renewal_request(config)
                                      ^^^^^^^^^^^^^^^^^^^^^^^^^^^^^^^^^^^^^^
  File "/usr/lib/python3/dist-packages/certbot/_internal/renewal.py", line 568, in handle_renewal_request
    raise errors.Error(
certbot.errors.Error: 1 renew failure(s), 0 parse failure(s)
2026-03-24 12:01:37,234:ERROR:certbot._internal.log:1 renew failure(s), 0 parse failure(s)
2026-03-25 06:26:24,444:DEBUG:certbot._internal.main:certbot version: 2.9.0
2026-03-25 06:26:24,445:DEBUG:certbot._internal.main:Location of certbot entry point: /usr/bin/certbot
2026-03-25 06:26:24,445:DEBUG:certbot._internal.main:Arguments: ['-q', '--no-random-sleep-on-renew']
2026-03-25 06:26:24,446:DEBUG:certbot._internal.main:Discovered plugins: PluginsRegistry(PluginEntryPoint#manual,PluginEntryPoint#nginx,PluginEntryPoint#null,PluginEntryPoint#standalone,PluginEntryPoint#webroot)
2026-03-25 06:26:24,543:DEBUG:certbot._internal.log:Root logging level set at 40
2026-03-25 06:26:24,545:DEBUG:certbot._internal.display.obj:Notifying user: Processing /etc/letsencrypt/renewal/accredited.co.in.conf
2026-03-25 06:26:24,548:DEBUG:certbot._internal.plugins.selection:Requested authenticator None and installer None
2026-03-25 06:26:24,839:DEBUG:certbot._internal.storage:Should renew, less than 30 days before certificate expiry 2026-03-18 16:57:35 UTC.
2026-03-25 06:26:24,839:INFO:certbot._internal.renewal:Certificate is due for renewal, auto-renewing...
2026-03-25 06:26:24,840:DEBUG:certbot._internal.plugins.selection:Requested authenticator standalone and installer None
2026-03-25 06:26:24,840:DEBUG:certbot._internal.plugins.selection:Single candidate plugin: * standalone
Description: Runs an HTTP server locally which serves the necessary validation files under the /.well-known/acme-challenge/ request path. Suitable if there is no HTTP server already running. HTTP challenge only (wildcards not supported).
Interfaces: Authenticator, Plugin
Entry point: EntryPoint(name='standalone', value='certbot._internal.plugins.standalone:Authenticator', group='certbot.plugins')
Initialized: <certbot._internal.plugins.standalone.Authenticator object at 0x78045ad59130>
Prep: True
2026-03-25 06:26:24,841:DEBUG:certbot._internal.plugins.selection:Selected authenticator <certbot._internal.plugins.standalone.Authenticator object at 0x78045ad59130> and installer None
2026-03-25 06:26:24,842:INFO:certbot._internal.plugins.selection:Plugins selected: Authenticator standalone, Installer None
2026-03-25 06:26:25,457:DEBUG:certbot._internal.main:Picked account: <Account(RegistrationResource(body=Registration(key=None, contact=(), agreement=None, status=None, terms_of_service_agreed=None, only_return_existing=None, external_account_binding=None), uri='https://acme-v02.api.letsencrypt.org/acme/acct/2889967666', new_authzr_uri=None, terms_of_service=None), 3f20d240b6117a9a90f93992868e4805, Meta(creation_dt=datetime.datetime(2025, 12, 18, 15, 52, 45, tzinfo=<UTC>), creation_host='instance-20251218-1639', register_to_eff=None))>
2026-03-25 06:26:25,459:DEBUG:acme.client:Sending GET request to https://acme-v02.api.letsencrypt.org/directory.
2026-03-25 06:26:25,540:DEBUG:urllib3.connectionpool:Starting new HTTPS connection (1): acme-v02.api.letsencrypt.org:443
2026-03-25 06:26:26,538:DEBUG:urllib3.connectionpool:https://acme-v02.api.letsencrypt.org:443 "GET /directory HTTP/1.1" 200 1033
2026-03-25 06:26:26,539:DEBUG:acme.client:Received response:
HTTP 200
Server: nginx
Date: Wed, 25 Mar 2026 06:26:26 GMT
Content-Type: application/json
Content-Length: 1033
Connection: keep-alive
Cache-Control: public, max-age=0, no-cache
X-Frame-Options: DENY
Strict-Transport-Security: max-age=604800

{
  "3OSdw3z8wAk": "https://community.letsencrypt.org/t/adding-random-entries-to-the-directory/33417",
  "keyChange": "https://acme-v02.api.letsencrypt.org/acme/key-change",
  "meta": {
    "caaIdentities": [
      "letsencrypt.org"
    ],
    "profiles": {
      "classic": "https://letsencrypt.org/docs/profiles#classic",
      "shortlived": "https://letsencrypt.org/docs/profiles#shortlived",
      "tlsclient": "https://letsencrypt.org/docs/profiles#tlsclient",
      "tlsserver": "https://letsencrypt.org/docs/profiles#tlsserver"
    },
    "termsOfService": "https://letsencrypt.org/documents/LE-SA-v1.6-August-18-2025.pdf",
    "website": "https://letsencrypt.org"
  },
  "newAccount": "https://acme-v02.api.letsencrypt.org/acme/new-acct",
  "newNonce": "https://acme-v02.api.letsencrypt.org/acme/new-nonce",
  "newOrder": "https://acme-v02.api.letsencrypt.org/acme/new-order",
  "renewalInfo": "https://acme-v02.api.letsencrypt.org/acme/renewal-info",
  "revokeCert": "https://acme-v02.api.letsencrypt.org/acme/revoke-cert"
}
2026-03-25 06:26:26,577:DEBUG:certbot._internal.display.obj:Notifying user: Renewing an existing certificate for accredited.co.in and www.accredited.co.in
2026-03-25 06:26:26,582:DEBUG:acme.client:Requesting fresh nonce
2026-03-25 06:26:26,582:DEBUG:acme.client:Sending HEAD request to https://acme-v02.api.letsencrypt.org/acme/new-nonce.
2026-03-25 06:26:26,938:DEBUG:urllib3.connectionpool:https://acme-v02.api.letsencrypt.org:443 "HEAD /acme/new-nonce HTTP/1.1" 200 0
2026-03-25 06:26:26,939:DEBUG:acme.client:Received response:
HTTP 200
Server: nginx
Date: Wed, 25 Mar 2026 06:26:26 GMT
Connection: keep-alive
Cache-Control: public, max-age=0, no-cache
Link: <https://acme-v02.api.letsencrypt.org/directory>;rel="index"
Replay-Nonce: YrllWrIAJWg819RdmxI8HbcT8Eced4h-yry4IspobpKelRkUfj8
X-Frame-Options: DENY
Strict-Transport-Security: max-age=604800


2026-03-25 06:26:26,939:DEBUG:acme.client:Storing nonce: YrllWrIAJWg819RdmxI8HbcT8Eced4h-yry4IspobpKelRkUfj8
2026-03-25 06:26:26,939:DEBUG:acme.client:JWS payload:
b'{\n  "identifiers": [\n    {\n      "type": "dns",\n      "value": "accredited.co.in"\n    },\n    {\n      "type": "dns",\n      "value": "www.accredited.co.in"\n    }\n  ]\n}'
2026-03-25 06:26:26,947:DEBUG:acme.client:Sending POST request to https://acme-v02.api.letsencrypt.org/acme/new-order:
{
  "protected": "eyJhbGciOiAiUlMyNTYiLCAia2lkIjogImh0dHBzOi8vYWNtZS12MDIuYXBpLmxldHNlbmNyeXB0Lm9yZy9hY21lL2FjY3QvMjg4OTk2NzY2NiIsICJub25jZSI6ICJZcmxsV3JJQUpXZzgxOVJkbXhJOEhiY1Q4RWNlZDRoLXlyeTRJc3BvYnBLZWxSa1VmajgiLCAidXJsIjogImh0dHBzOi8vYWNtZS12MDIuYXBpLmxldHNlbmNyeXB0Lm9yZy9hY21lL25ldy1vcmRlciJ9",
  "signature": "VhoUsRTsh6AoSlUqNVzpbNyMQdJW_sUq1_I_rzjWwXLDi-M6UvDNHSlScrtw6m_8nJBLYh_vPmWRnCcB-PbfebSuywItWWAeHPAc45LPKKjENDiRIeSiewjrfs9W3-qRfKC5GSL-aAHWv79JBggHTlJ15pO14_h5VdDhSAOvPyBpQki-emEU9afLo6i8JQAVkeuf8j9MPg6kVlRquWl3pykvX55symZpqaOUn8BDFxX6NNkguPMblxkk1M9bW8mAg0aKNZdDeBQqQ97_bcyylQvqs2p7DcXZdF1kx5IoLbbO5x76llp8BZ4V9G0PCyprpi7ZcBhfV1oAM461EJC1TQ",
  "payload": "ewogICJpZGVudGlmaWVycyI6IFsKICAgIHsKICAgICAgInR5cGUiOiAiZG5zIiwKICAgICAgInZhbHVlIjogImFjY3JlZGl0ZWQuY28uaW4iCiAgICB9LAogICAgewogICAgICAidHlwZSI6ICJkbnMiLAogICAgICAidmFsdWUiOiAid3d3LmFjY3JlZGl0ZWQuY28uaW4iCiAgICB9CiAgXQp9"
}
2026-03-25 06:26:27,438:DEBUG:urllib3.connectionpool:https://acme-v02.api.letsencrypt.org:443 "POST /acme/new-order HTTP/1.1" 201 501
2026-03-25 06:26:27,438:DEBUG:acme.client:Received response:
HTTP 201
Server: nginx
Date: Wed, 25 Mar 2026 06:26:27 GMT
Content-Type: application/json
Content-Length: 501
Connection: keep-alive
Boulder-Requester: 2889967666
Cache-Control: public, max-age=0, no-cache
Link: <https://acme-v02.api.letsencrypt.org/directory>;rel="index"
Location: https://acme-v02.api.letsencrypt.org/acme/order/2889967666/494035430181
Replay-Nonce: O7NrciM4_eG3M7ALnZLiVhbIkBNiLuACO8SjSba9d1-rFtHEUqc
X-Frame-Options: DENY
Strict-Transport-Security: max-age=604800

{
  "status": "pending",
  "expires": "2026-04-01T06:26:27Z",
  "identifiers": [
    {
      "type": "dns",
      "value": "accredited.co.in"
    },
    {
      "type": "dns",
      "value": "www.accredited.co.in"
    }
  ],
  "authorizations": [
    "https://acme-v02.api.letsencrypt.org/acme/authz/2889967666/678265222021",
    "https://acme-v02.api.letsencrypt.org/acme/authz/2889967666/678265222291"
  ],
  "finalize": "https://acme-v02.api.letsencrypt.org/acme/finalize/2889967666/494035430181"
}
2026-03-25 06:26:27,438:DEBUG:acme.client:Storing nonce: O7NrciM4_eG3M7ALnZLiVhbIkBNiLuACO8SjSba9d1-rFtHEUqc
2026-03-25 06:26:27,439:DEBUG:acme.client:JWS payload:
b''
2026-03-25 06:26:27,443:DEBUG:acme.client:Sending POST request to https://acme-v02.api.letsencrypt.org/acme/authz/2889967666/678265222021:
{
  "protected": "eyJhbGciOiAiUlMyNTYiLCAia2lkIjogImh0dHBzOi8vYWNtZS12MDIuYXBpLmxldHNlbmNyeXB0Lm9yZy9hY21lL2FjY3QvMjg4OTk2NzY2NiIsICJub25jZSI6ICJPN05yY2lNNF9lRzNNN0FMblpMaVZoYklrQk5pTHVBQ084U2pTYmE5ZDEtckZ0SEVVcWMiLCAidXJsIjogImh0dHBzOi8vYWNtZS12MDIuYXBpLmxldHNlbmNyeXB0Lm9yZy9hY21lL2F1dGh6LzI4ODk5Njc2NjYvNjc4MjY1MjIyMDIxIn0",
  "signature": "OVdi5s8eQZaBZ6zgd1uMH1aI2jjKUNbziprfVDEX9HHnedlEa3QxbyNo2ZCzJ4vS4U6GTB6Hs-UA7Nw2SPptjFtetlN39a9JngGu_xJJnsM95G2sDT9YDO2qC7ylfZHBZHaZGXmttmlrmYnxyauRzzp8MAzB7RRJPf6roDkTNwwpRQ6rCd2Et2Z0rUV_6h-1xMqqRwQ4PiOFTlFOyphtXJlDopEH5GBS8DaWG_9M9K0ZuOxJ5w1TgHjIm5DShRjf-JpyK1h5lNLJe3o0pMkllQW7aQiEicjO8fzYjPRzcgXl5W_6lnHNCVUWuyW5xPT9kZP7VRLTyX7wPGd6VGB78Q",
  "payload": ""
}
2026-03-25 06:26:27,739:DEBUG:urllib3.connectionpool:https://acme-v02.api.letsencrypt.org:443 "POST /acme/authz/2889967666/678265222021 HTTP/1.1" 200 824
2026-03-25 06:26:27,739:DEBUG:acme.client:Received response:
HTTP 200
Server: nginx
Date: Wed, 25 Mar 2026 06:26:27 GMT
Content-Type: application/json
Content-Length: 824
Connection: keep-alive
Boulder-Requester: 2889967666
Cache-Control: public, max-age=0, no-cache
Link: <https://acme-v02.api.letsencrypt.org/directory>;rel="index"
Replay-Nonce: O7NrciM4SZZ79djwFuyb6L4e0Q-FLSe9pVBYtsLqebr91RMxuaw
X-Frame-Options: DENY
Strict-Transport-Security: max-age=604800

{
  "identifier": {
    "type": "dns",
    "value": "accredited.co.in"
  },
  "status": "pending",
  "expires": "2026-04-01T06:26:27Z",
  "challenges": [
    {
      "type": "http-01",
      "url": "https://acme-v02.api.letsencrypt.org/acme/chall/2889967666/678265222021/nlHk5g",
      "status": "pending",
      "token": "nym_FGwAahf_mVp3LNeLtYz_NfJMIbwO4tsLeU7soMs"
    },
    {
      "type": "dns-01",
      "url": "https://acme-v02.api.letsencrypt.org/acme/chall/2889967666/678265222021/xfo1GA",
      "status": "pending",
      "token": "nym_FGwAahf_mVp3LNeLtYz_NfJMIbwO4tsLeU7soMs"
    },
    {
      "type": "tls-alpn-01",
      "url": "https://acme-v02.api.letsencrypt.org/acme/chall/2889967666/678265222021/enXD0g",
      "status": "pending",
      "token": "nym_FGwAahf_mVp3LNeLtYz_NfJMIbwO4tsLeU7soMs"
    }
  ]
}
2026-03-25 06:26:27,739:DEBUG:acme.client:Storing nonce: O7NrciM4SZZ79djwFuyb6L4e0Q-FLSe9pVBYtsLqebr91RMxuaw
2026-03-25 06:26:27,740:DEBUG:acme.client:JWS payload:
b''
2026-03-25 06:26:27,745:DEBUG:acme.client:Sending POST request to https://acme-v02.api.letsencrypt.org/acme/authz/2889967666/678265222291:
{
  "protected": "eyJhbGciOiAiUlMyNTYiLCAia2lkIjogImh0dHBzOi8vYWNtZS12MDIuYXBpLmxldHNlbmNyeXB0Lm9yZy9hY21lL2FjY3QvMjg4OTk2NzY2NiIsICJub25jZSI6ICJPN05yY2lNNFNaWjc5ZGp3RnV5YjZMNGUwUS1GTFNlOXBWQll0c0xxZWJyOTFSTXh1YXciLCAidXJsIjogImh0dHBzOi8vYWNtZS12MDIuYXBpLmxldHNlbmNyeXB0Lm9yZy9hY21lL2F1dGh6LzI4ODk5Njc2NjYvNjc4MjY1MjIyMjkxIn0",
  "signature": "44rlP0jd9BpBGz2XuiViwXfAIh-pODvZCSGN4wRCB95RRw-0pmBjctwamS-WF7U0POu1knyLdmTDPJnUdADwGhM1cBJYtO3Qavuxxq7CDmyHnG0_1adFqchbMlf4XKDCZkIHyJhLlXsawnIP7rrStscDcLeDH7piOrPh8Qf9wQi4j5IkuuUwK93Spt-4TWY-W55Z5V9td1mhbFtBKvC6r_ZOgaiHHZQzmWCJk-q8DogouxzmeolLfUdzaA15QbbBk-paRr7YP7baz44Y62cQAizqZC7APQh0MxZ8d-b18hUg7PKDFtQbiym78EP0i4VttVl3BaJ5_8bY4GTkPBUy3Q",
  "payload": ""
}
2026-03-25 06:26:27,979:DEBUG:urllib3.connectionpool:https://acme-v02.api.letsencrypt.org:443 "POST /acme/authz/2889967666/678265222291 HTTP/1.1" 200 828
2026-03-25 06:26:27,980:DEBUG:acme.client:Received response:
HTTP 200
Server: nginx
Date: Wed, 25 Mar 2026 06:26:27 GMT
Content-Type: application/json
Content-Length: 828
Connection: keep-alive
Boulder-Requester: 2889967666
Cache-Control: public, max-age=0, no-cache
Link: <https://acme-v02.api.letsencrypt.org/directory>;rel="index"
Replay-Nonce: O7NrciM4DdPvNRPKG9RsnCfIRq42rGevkjFjG8w5682-fh0CBpg
X-Frame-Options: DENY
Strict-Transport-Security: max-age=604800

{
  "identifier": {
    "type": "dns",
    "value": "www.accredited.co.in"
  },
  "status": "pending",
  "expires": "2026-04-01T06:26:27Z",
  "challenges": [
    {
      "type": "dns-01",
      "url": "https://acme-v02.api.letsencrypt.org/acme/chall/2889967666/678265222291/H4gqHw",
      "status": "pending",
      "token": "8cr49vrTvCI5VDN8Lt0p7DNgMtZKzKxG8nb0QzjM_P8"
    },
    {
      "type": "tls-alpn-01",
      "url": "https://acme-v02.api.letsencrypt.org/acme/chall/2889967666/678265222291/xUFeNw",
      "status": "pending",
      "token": "8cr49vrTvCI5VDN8Lt0p7DNgMtZKzKxG8nb0QzjM_P8"
    },
    {
      "type": "http-01",
      "url": "https://acme-v02.api.letsencrypt.org/acme/chall/2889967666/678265222291/p0K-8Q",
      "status": "pending",
      "token": "8cr49vrTvCI5VDN8Lt0p7DNgMtZKzKxG8nb0QzjM_P8"
    }
  ]
}
2026-03-25 06:26:27,980:DEBUG:acme.client:Storing nonce: O7NrciM4DdPvNRPKG9RsnCfIRq42rGevkjFjG8w5682-fh0CBpg
2026-03-25 06:26:28,038:INFO:certbot._internal.auth_handler:Performing the following challenges:
2026-03-25 06:26:28,038:INFO:certbot._internal.auth_handler:http-01 challenge for accredited.co.in
2026-03-25 06:26:28,038:INFO:certbot._internal.auth_handler:http-01 challenge for www.accredited.co.in
2026-03-25 06:26:28,039:DEBUG:acme.standalone:Failed to bind to :80 using IPv6
2026-03-25 06:26:28,039:DEBUG:acme.standalone:Failed to bind to :80 using IPv4
2026-03-25 06:26:28,060:DEBUG:certbot._internal.error_handler:Encountered exception:
Traceback (most recent call last):
  File "/usr/lib/python3/dist-packages/certbot/_internal/plugins/standalone.py", line 79, in run
    servers = acme_standalone.HTTP01DualNetworkedServers(
              ^^^^^^^^^^^^^^^^^^^^^^^^^^^^^^^^^^^^^^^^^^^
  File "/usr/lib/python3/dist-packages/acme/standalone.py", line 219, in __init__
    super().__init__(HTTP01Server, *args, **kwargs)
  File "/usr/lib/python3/dist-packages/acme/standalone.py", line 122, in __init__
    raise last_socket_err
  File "/usr/lib/python3/dist-packages/acme/standalone.py", line 97, in __init__
    server = ServerClass(*new_args, **kwargs)
             ^^^^^^^^^^^^^^^^^^^^^^^^^^^^^^^^
  File "/usr/lib/python3/dist-packages/acme/standalone.py", line 209, in __init__
    super().__init__(
  File "/usr/lib/python3/dist-packages/acme/standalone.py", line 201, in __init__
    super().__init__(*args, **kwargs)
  File "/usr/lib/python3.12/socketserver.py", line 457, in __init__
    self.server_bind()
  File "/usr/lib/python3.12/http/server.py", line 136, in server_bind
    socketserver.TCPServer.server_bind(self)
  File "/usr/lib/python3.12/socketserver.py", line 473, in server_bind
    self.socket.bind(self.server_address)
OSError: [Errno 98] Address already in use

During handling of the above exception, another exception occurred:

Traceback (most recent call last):
  File "/usr/lib/python3/dist-packages/certbot/_internal/plugins/standalone.py", line 170, in _try_perform_single
    return self._perform_single(achall)
           ^^^^^^^^^^^^^^^^^^^^^^^^^^^^
  File "/usr/lib/python3/dist-packages/certbot/_internal/plugins/standalone.py", line 176, in _perform_single
    servers, response = self._perform_http_01(achall)
                        ^^^^^^^^^^^^^^^^^^^^^^^^^^^^^
  File "/usr/lib/python3/dist-packages/certbot/_internal/plugins/standalone.py", line 185, in _perform_http_01
    servers = self.servers.run(port, challenges.HTTP01, listenaddr=addr)
              ^^^^^^^^^^^^^^^^^^^^^^^^^^^^^^^^^^^^^^^^^^^^^^^^^^^^^^^^^^
  File "/usr/lib/python3/dist-packages/certbot/_internal/plugins/standalone.py", line 82, in run
    raise errors.StandaloneBindError(error, port)
certbot.errors.StandaloneBindError: Problem binding to port 80: [Errno 98] Address already in use

During handling of the above exception, another exception occurred:

Traceback (most recent call last):
  File "/usr/lib/python3/dist-packages/certbot/_internal/auth_handler.py", line 88, in handle_authorizations
    resps = self.auth.perform(achalls)
            ^^^^^^^^^^^^^^^^^^^^^^^^^^
  File "/usr/lib/python3/dist-packages/certbot/_internal/plugins/standalone.py", line 164, in perform
    return [self._try_perform_single(achall) for achall in achalls]
            ^^^^^^^^^^^^^^^^^^^^^^^^^^^^^^^^
  File "/usr/lib/python3/dist-packages/certbot/_internal/plugins/standalone.py", line 172, in _try_perform_single
    _handle_perform_error(error)
  File "/usr/lib/python3/dist-packages/certbot/_internal/plugins/standalone.py", line 226, in _handle_perform_error
    raise errors.PluginError(msg)
certbot.errors.PluginError: Could not bind TCP port 80 because it is already in use by another process on this system (such as a web server). Please stop the program in question and then try again.

2026-03-25 06:26:28,061:DEBUG:certbot._internal.error_handler:Calling registered functions
2026-03-25 06:26:28,061:INFO:certbot._internal.auth_handler:Cleaning up challenges
2026-03-25 06:26:28,063:ERROR:certbot._internal.renewal:Failed to renew certificate accredited.co.in with error: Could not bind TCP port 80 because it is already in use by another process on this system (such as a web server). Please stop the program in question and then try again.
2026-03-25 06:26:28,147:DEBUG:certbot._internal.renewal:Traceback was:
Traceback (most recent call last):
  File "/usr/lib/python3/dist-packages/certbot/_internal/plugins/standalone.py", line 79, in run
    servers = acme_standalone.HTTP01DualNetworkedServers(
              ^^^^^^^^^^^^^^^^^^^^^^^^^^^^^^^^^^^^^^^^^^^
  File "/usr/lib/python3/dist-packages/acme/standalone.py", line 219, in __init__
    super().__init__(HTTP01Server, *args, **kwargs)
  File "/usr/lib/python3/dist-packages/acme/standalone.py", line 122, in __init__
    raise last_socket_err
  File "/usr/lib/python3/dist-packages/acme/standalone.py", line 97, in __init__
    server = ServerClass(*new_args, **kwargs)
             ^^^^^^^^^^^^^^^^^^^^^^^^^^^^^^^^
  File "/usr/lib/python3/dist-packages/acme/standalone.py", line 209, in __init__
    super().__init__(
  File "/usr/lib/python3/dist-packages/acme/standalone.py", line 201, in __init__
    super().__init__(*args, **kwargs)
  File "/usr/lib/python3.12/socketserver.py", line 457, in __init__
    self.server_bind()
  File "/usr/lib/python3.12/http/server.py", line 136, in server_bind
    socketserver.TCPServer.server_bind(self)
  File "/usr/lib/python3.12/socketserver.py", line 473, in server_bind
    self.socket.bind(self.server_address)
OSError: [Errno 98] Address already in use

During handling of the above exception, another exception occurred:

Traceback (most recent call last):
  File "/usr/lib/python3/dist-packages/certbot/_internal/plugins/standalone.py", line 170, in _try_perform_single
    return self._perform_single(achall)
           ^^^^^^^^^^^^^^^^^^^^^^^^^^^^
  File "/usr/lib/python3/dist-packages/certbot/_internal/plugins/standalone.py", line 176, in _perform_single
    servers, response = self._perform_http_01(achall)
                        ^^^^^^^^^^^^^^^^^^^^^^^^^^^^^
  File "/usr/lib/python3/dist-packages/certbot/_internal/plugins/standalone.py", line 185, in _perform_http_01
    servers = self.servers.run(port, challenges.HTTP01, listenaddr=addr)
              ^^^^^^^^^^^^^^^^^^^^^^^^^^^^^^^^^^^^^^^^^^^^^^^^^^^^^^^^^^
  File "/usr/lib/python3/dist-packages/certbot/_internal/plugins/standalone.py", line 82, in run
    raise errors.StandaloneBindError(error, port)
certbot.errors.StandaloneBindError: Problem binding to port 80: [Errno 98] Address already in use

During handling of the above exception, another exception occurred:

Traceback (most recent call last):
  File "/usr/lib/python3/dist-packages/certbot/_internal/renewal.py", line 540, in handle_renewal_request
    main.renew_cert(lineage_config, plugins, renewal_candidate)
  File "/usr/lib/python3/dist-packages/certbot/_internal/main.py", line 1550, in renew_cert
    renewed_lineage = _get_and_save_cert(le_client, config, lineage=lineage)
                      ^^^^^^^^^^^^^^^^^^^^^^^^^^^^^^^^^^^^^^^^^^^^^^^^^^^^^^
  File "/usr/lib/python3/dist-packages/certbot/_internal/main.py", line 131, in _get_and_save_cert
    renewal.renew_cert(config, domains, le_client, lineage)
  File "/usr/lib/python3/dist-packages/certbot/_internal/renewal.py", line 399, in renew_cert
    new_cert, new_chain, new_key, _ = le_client.obtain_certificate(domains, new_key)
                                      ^^^^^^^^^^^^^^^^^^^^^^^^^^^^^^^^^^^^^^^^^^^^^^
  File "/usr/lib/python3/dist-packages/certbot/_internal/client.py", line 428, in obtain_certificate
    orderr = self._get_order_and_authorizations(csr.data, self.config.allow_subset_of_names)
             ^^^^^^^^^^^^^^^^^^^^^^^^^^^^^^^^^^^^^^^^^^^^^^^^^^^^^^^^^^^^^^^^^^^^^^^^^^^^^^^
  File "/usr/lib/python3/dist-packages/certbot/_internal/client.py", line 496, in _get_order_and_authorizations
    authzr = self.auth_handler.handle_authorizations(orderr, self.config, best_effort)
             ^^^^^^^^^^^^^^^^^^^^^^^^^^^^^^^^^^^^^^^^^^^^^^^^^^^^^^^^^^^^^^^^^^^^^^^^^
  File "/usr/lib/python3/dist-packages/certbot/_internal/auth_handler.py", line 88, in handle_authorizations
    resps = self.auth.perform(achalls)
            ^^^^^^^^^^^^^^^^^^^^^^^^^^
  File "/usr/lib/python3/dist-packages/certbot/_internal/plugins/standalone.py", line 164, in perform
    return [self._try_perform_single(achall) for achall in achalls]
            ^^^^^^^^^^^^^^^^^^^^^^^^^^^^^^^^
  File "/usr/lib/python3/dist-packages/certbot/_internal/plugins/standalone.py", line 172, in _try_perform_single
    _handle_perform_error(error)
  File "/usr/lib/python3/dist-packages/certbot/_internal/plugins/standalone.py", line 226, in _handle_perform_error
    raise errors.PluginError(msg)
certbot.errors.PluginError: Could not bind TCP port 80 because it is already in use by another process on this system (such as a web server). Please stop the program in question and then try again.

2026-03-25 06:26:28,150:DEBUG:certbot._internal.display.obj:Notifying user: 
- - - - - - - - - - - - - - - - - - - - - - - - - - - - - - - - - - - - - - - -
2026-03-25 06:26:28,150:ERROR:certbot._internal.renewal:All renewals failed. The following certificates could not be renewed:
2026-03-25 06:26:28,151:ERROR:certbot._internal.renewal:  /etc/letsencrypt/live/accredited.co.in/fullchain.pem (failure)
2026-03-25 06:26:28,151:DEBUG:certbot._internal.display.obj:Notifying user: - - - - - - - - - - - - - - - - - - - - - - - - - - - - - - - - - - - - - - - -
2026-03-25 06:26:28,151:DEBUG:certbot._internal.log:Exiting abnormally:
Traceback (most recent call last):
  File "/usr/bin/certbot", line 33, in <module>
    sys.exit(load_entry_point('certbot==2.9.0', 'console_scripts', 'certbot')())
             ^^^^^^^^^^^^^^^^^^^^^^^^^^^^^^^^^^^^^^^^^^^^^^^^^^^^^^^^^^^^^^^^^^
  File "/usr/lib/python3/dist-packages/certbot/main.py", line 19, in main
    return internal_main.main(cli_args)
           ^^^^^^^^^^^^^^^^^^^^^^^^^^^^
  File "/usr/lib/python3/dist-packages/certbot/_internal/main.py", line 1894, in main
    return config.func(config, plugins)
           ^^^^^^^^^^^^^^^^^^^^^^^^^^^^
  File "/usr/lib/python3/dist-packages/certbot/_internal/main.py", line 1642, in renew
    renewed_domains, failed_domains = renewal.handle_renewal_request(config)
                                      ^^^^^^^^^^^^^^^^^^^^^^^^^^^^^^^^^^^^^^
  File "/usr/lib/python3/dist-packages/certbot/_internal/renewal.py", line 568, in handle_renewal_request
    raise errors.Error(
certbot.errors.Error: 1 renew failure(s), 0 parse failure(s)
2026-03-25 06:26:28,156:ERROR:certbot._internal.log:1 renew failure(s), 0 parse failure(s)
2026-03-25 20:36:19,686:DEBUG:certbot._internal.main:certbot version: 2.9.0
2026-03-25 20:36:19,687:DEBUG:certbot._internal.main:Location of certbot entry point: /usr/bin/certbot
2026-03-25 20:36:19,687:DEBUG:certbot._internal.main:Arguments: ['-q', '--no-random-sleep-on-renew']
2026-03-25 20:36:19,687:DEBUG:certbot._internal.main:Discovered plugins: PluginsRegistry(PluginEntryPoint#manual,PluginEntryPoint#nginx,PluginEntryPoint#null,PluginEntryPoint#standalone,PluginEntryPoint#webroot)
2026-03-25 20:36:19,741:DEBUG:certbot._internal.log:Root logging level set at 40
2026-03-25 20:36:19,744:DEBUG:certbot._internal.display.obj:Notifying user: Processing /etc/letsencrypt/renewal/accredited.co.in.conf
2026-03-25 20:36:19,747:DEBUG:certbot._internal.plugins.selection:Requested authenticator None and installer None
2026-03-25 20:36:19,780:DEBUG:certbot._internal.storage:Should renew, less than 30 days before certificate expiry 2026-03-18 16:57:35 UTC.
2026-03-25 20:36:19,780:INFO:certbot._internal.renewal:Certificate is due for renewal, auto-renewing...
2026-03-25 20:36:19,780:DEBUG:certbot._internal.plugins.selection:Requested authenticator standalone and installer None
2026-03-25 20:36:19,780:DEBUG:certbot._internal.plugins.selection:Single candidate plugin: * standalone
Description: Runs an HTTP server locally which serves the necessary validation files under the /.well-known/acme-challenge/ request path. Suitable if there is no HTTP server already running. HTTP challenge only (wildcards not supported).
Interfaces: Authenticator, Plugin
Entry point: EntryPoint(name='standalone', value='certbot._internal.plugins.standalone:Authenticator', group='certbot.plugins')
Initialized: <certbot._internal.plugins.standalone.Authenticator object at 0x7f0cb29d0fb0>
Prep: True
2026-03-25 20:36:19,781:DEBUG:certbot._internal.plugins.selection:Selected authenticator <certbot._internal.plugins.standalone.Authenticator object at 0x7f0cb29d0fb0> and installer None
2026-03-25 20:36:19,781:INFO:certbot._internal.plugins.selection:Plugins selected: Authenticator standalone, Installer None
2026-03-25 20:36:19,960:DEBUG:certbot._internal.main:Picked account: <Account(RegistrationResource(body=Registration(key=None, contact=(), agreement=None, status=None, terms_of_service_agreed=None, only_return_existing=None, external_account_binding=None), uri='https://acme-v02.api.letsencrypt.org/acme/acct/2889967666', new_authzr_uri=None, terms_of_service=None), 3f20d240b6117a9a90f93992868e4805, Meta(creation_dt=datetime.datetime(2025, 12, 18, 15, 52, 45, tzinfo=<UTC>), creation_host='instance-20251218-1639', register_to_eff=None))>
2026-03-25 20:36:19,961:DEBUG:acme.client:Sending GET request to https://acme-v02.api.letsencrypt.org/directory.
2026-03-25 20:36:19,964:DEBUG:urllib3.connectionpool:Starting new HTTPS connection (1): acme-v02.api.letsencrypt.org:443
2026-03-25 20:36:20,699:DEBUG:urllib3.connectionpool:https://acme-v02.api.letsencrypt.org:443 "GET /directory HTTP/1.1" 200 1033
2026-03-25 20:36:20,699:DEBUG:acme.client:Received response:
HTTP 200
Server: nginx
Date: Wed, 25 Mar 2026 20:36:20 GMT
Content-Type: application/json
Content-Length: 1033
Connection: keep-alive
Cache-Control: public, max-age=0, no-cache
X-Frame-Options: DENY
Strict-Transport-Security: max-age=604800

{
  "R7vPhi1xsd4": "https://community.letsencrypt.org/t/adding-random-entries-to-the-directory/33417",
  "keyChange": "https://acme-v02.api.letsencrypt.org/acme/key-change",
  "meta": {
    "caaIdentities": [
      "letsencrypt.org"
    ],
    "profiles": {
      "classic": "https://letsencrypt.org/docs/profiles#classic",
      "shortlived": "https://letsencrypt.org/docs/profiles#shortlived",
      "tlsclient": "https://letsencrypt.org/docs/profiles#tlsclient",
      "tlsserver": "https://letsencrypt.org/docs/profiles#tlsserver"
    },
    "termsOfService": "https://letsencrypt.org/documents/LE-SA-v1.6-August-18-2025.pdf",
    "website": "https://letsencrypt.org"
  },
  "newAccount": "https://acme-v02.api.letsencrypt.org/acme/new-acct",
  "newNonce": "https://acme-v02.api.letsencrypt.org/acme/new-nonce",
  "newOrder": "https://acme-v02.api.letsencrypt.org/acme/new-order",
  "renewalInfo": "https://acme-v02.api.letsencrypt.org/acme/renewal-info",
  "revokeCert": "https://acme-v02.api.letsencrypt.org/acme/revoke-cert"
}
2026-03-25 20:36:20,702:DEBUG:certbot._internal.display.obj:Notifying user: Renewing an existing certificate for accredited.co.in and www.accredited.co.in
2026-03-25 20:36:20,707:DEBUG:acme.client:Requesting fresh nonce
2026-03-25 20:36:20,707:DEBUG:acme.client:Sending HEAD request to https://acme-v02.api.letsencrypt.org/acme/new-nonce.
2026-03-25 20:36:20,952:DEBUG:urllib3.connectionpool:https://acme-v02.api.letsencrypt.org:443 "HEAD /acme/new-nonce HTTP/1.1" 200 0
2026-03-25 20:36:20,952:DEBUG:acme.client:Received response:
HTTP 200
Server: nginx
Date: Wed, 25 Mar 2026 20:36:20 GMT
Connection: keep-alive
Cache-Control: public, max-age=0, no-cache
Link: <https://acme-v02.api.letsencrypt.org/directory>;rel="index"
Replay-Nonce: tWo_Kf9Rt_35HZ6DyTNpaVT1K5z9EAGI6Cz-CSP0q2x3R96Gq1M
X-Frame-Options: DENY
Strict-Transport-Security: max-age=604800


2026-03-25 20:36:20,952:DEBUG:acme.client:Storing nonce: tWo_Kf9Rt_35HZ6DyTNpaVT1K5z9EAGI6Cz-CSP0q2x3R96Gq1M
2026-03-25 20:36:20,952:DEBUG:acme.client:JWS payload:
b'{\n  "identifiers": [\n    {\n      "type": "dns",\n      "value": "accredited.co.in"\n    },\n    {\n      "type": "dns",\n      "value": "www.accredited.co.in"\n    }\n  ]\n}'
2026-03-25 20:36:20,956:DEBUG:acme.client:Sending POST request to https://acme-v02.api.letsencrypt.org/acme/new-order:
{
  "protected": "eyJhbGciOiAiUlMyNTYiLCAia2lkIjogImh0dHBzOi8vYWNtZS12MDIuYXBpLmxldHNlbmNyeXB0Lm9yZy9hY21lL2FjY3QvMjg4OTk2NzY2NiIsICJub25jZSI6ICJ0V29fS2Y5UnRfMzVIWjZEeVROcGFWVDFLNXo5RUFHSTZDei1DU1AwcTJ4M1I5NkdxMU0iLCAidXJsIjogImh0dHBzOi8vYWNtZS12MDIuYXBpLmxldHNlbmNyeXB0Lm9yZy9hY21lL25ldy1vcmRlciJ9",
  "signature": "OD1ZrzJaBQNh3pTMgl72OTcGjHA8THDHbQgRnE5T7Hs8MroFNsk4LtHzvpf4Qm0KajVJ8aLbw8dou84XuhmaZg06uKgSzO0eXWprGl6oGq5Y4wkQp_zkADLEibWGJHCQ5FVvoqcgFQx669EL_yqN_rPkpohPYwpOV6_S8GtQOprz6fMda7vY3CwDv-q8jGX_Y2Bcf4iUwyAXZ60S3jhuLuzyj2qfPz-cUnwr2ME899y0CX1ufq2Tui9Xqm964-_O3whX8ymlqNoUMJraln8chHbjUvvN9qwDy5dzlJft_k3OIrhNjlNe6hS3zl0Vh6ZtJfy4g6G54sYHdR9Lu1h9Ng",
  "payload": "ewogICJpZGVudGlmaWVycyI6IFsKICAgIHsKICAgICAgInR5cGUiOiAiZG5zIiwKICAgICAgInZhbHVlIjogImFjY3JlZGl0ZWQuY28uaW4iCiAgICB9LAogICAgewogICAgICAidHlwZSI6ICJkbnMiLAogICAgICAidmFsdWUiOiAid3d3LmFjY3JlZGl0ZWQuY28uaW4iCiAgICB9CiAgXQp9"
}
2026-03-25 20:36:21,230:DEBUG:urllib3.connectionpool:https://acme-v02.api.letsencrypt.org:443 "POST /acme/new-order HTTP/1.1" 201 501
2026-03-25 20:36:21,230:DEBUG:acme.client:Received response:
HTTP 201
Server: nginx
Date: Wed, 25 Mar 2026 20:36:21 GMT
Content-Type: application/json
Content-Length: 501
Connection: keep-alive
Boulder-Requester: 2889967666
Cache-Control: public, max-age=0, no-cache
Link: <https://acme-v02.api.letsencrypt.org/directory>;rel="index"
Location: https://acme-v02.api.letsencrypt.org/acme/order/2889967666/494035430181
Replay-Nonce: pR9UrBEEGls7LX2K1Ue-rajSuIIoigDPZH0b2ssjFsYaS5JZ2EM
X-Frame-Options: DENY
Strict-Transport-Security: max-age=604800

{
  "status": "pending",
  "expires": "2026-04-01T06:26:27Z",
  "identifiers": [
    {
      "type": "dns",
      "value": "accredited.co.in"
    },
    {
      "type": "dns",
      "value": "www.accredited.co.in"
    }
  ],
  "authorizations": [
    "https://acme-v02.api.letsencrypt.org/acme/authz/2889967666/678265222021",
    "https://acme-v02.api.letsencrypt.org/acme/authz/2889967666/678265222291"
  ],
  "finalize": "https://acme-v02.api.letsencrypt.org/acme/finalize/2889967666/494035430181"
}
2026-03-25 20:36:21,230:DEBUG:acme.client:Storing nonce: pR9UrBEEGls7LX2K1Ue-rajSuIIoigDPZH0b2ssjFsYaS5JZ2EM
2026-03-25 20:36:21,231:DEBUG:acme.client:JWS payload:
b''
2026-03-25 20:36:21,232:DEBUG:acme.client:Sending POST request to https://acme-v02.api.letsencrypt.org/acme/authz/2889967666/678265222021:
{
  "protected": "eyJhbGciOiAiUlMyNTYiLCAia2lkIjogImh0dHBzOi8vYWNtZS12MDIuYXBpLmxldHNlbmNyeXB0Lm9yZy9hY21lL2FjY3QvMjg4OTk2NzY2NiIsICJub25jZSI6ICJwUjlVckJFRUdsczdMWDJLMVVlLXJhalN1SUlvaWdEUFpIMGIyc3NqRnNZYVM1SloyRU0iLCAidXJsIjogImh0dHBzOi8vYWNtZS12MDIuYXBpLmxldHNlbmNyeXB0Lm9yZy9hY21lL2F1dGh6LzI4ODk5Njc2NjYvNjc4MjY1MjIyMDIxIn0",
  "signature": "SDnTuUVh2H5KUyImWOcgdsq4bRLWgikkW9ecjfc9BK_wzlQ_V-B_J6Pgxr0ZarHG5z5hy4hpO08MR9AECAlxFFXbtKotbSzYwysqJtrSaupep9H0kSrnX4d1oCTFCpgriarqqcP_MP9qaDFfQGqaoD5J-Kj1kyuwGuGVZZ21nbGfQouHA_DsayPgU-viMF44XZbVoFzMZbJBGYLmV0ZIoD41oJMip_YifOTQYvtYFHgyqw6Mcs5fWpstbXa9OrI3icTakbPp-dQv_LwAqrcSjj02rQC2RsJDk-H90US1xChqgDf7zWWxAm7J9Ywz7eae03M0_GmTnE0saFwWRC54fg",
  "payload": ""
}
2026-03-25 20:36:21,479:DEBUG:urllib3.connectionpool:https://acme-v02.api.letsencrypt.org:443 "POST /acme/authz/2889967666/678265222021 HTTP/1.1" 200 824
2026-03-25 20:36:21,480:DEBUG:acme.client:Received response:
HTTP 200
Server: nginx
Date: Wed, 25 Mar 2026 20:36:21 GMT
Content-Type: application/json
Content-Length: 824
Connection: keep-alive
Boulder-Requester: 2889967666
Cache-Control: public, max-age=0, no-cache
Link: <https://acme-v02.api.letsencrypt.org/directory>;rel="index"
Replay-Nonce: tWo_Kf9RPT8DgMQHDlejD4adUJxBdlOwKqiOVWirPvDe5ETW-0s
X-Frame-Options: DENY
Strict-Transport-Security: max-age=604800

{
  "identifier": {
    "type": "dns",
    "value": "accredited.co.in"
  },
  "status": "pending",
  "expires": "2026-04-01T06:26:27Z",
  "challenges": [
    {
      "type": "dns-01",
      "url": "https://acme-v02.api.letsencrypt.org/acme/chall/2889967666/678265222021/xfo1GA",
      "status": "pending",
      "token": "nym_FGwAahf_mVp3LNeLtYz_NfJMIbwO4tsLeU7soMs"
    },
    {
      "type": "tls-alpn-01",
      "url": "https://acme-v02.api.letsencrypt.org/acme/chall/2889967666/678265222021/enXD0g",
      "status": "pending",
      "token": "nym_FGwAahf_mVp3LNeLtYz_NfJMIbwO4tsLeU7soMs"
    },
    {
      "type": "http-01",
      "url": "https://acme-v02.api.letsencrypt.org/acme/chall/2889967666/678265222021/nlHk5g",
      "status": "pending",
      "token": "nym_FGwAahf_mVp3LNeLtYz_NfJMIbwO4tsLeU7soMs"
    }
  ]
}
2026-03-25 20:36:21,480:DEBUG:acme.client:Storing nonce: tWo_Kf9RPT8DgMQHDlejD4adUJxBdlOwKqiOVWirPvDe5ETW-0s
2026-03-25 20:36:21,480:DEBUG:acme.client:JWS payload:
b''
2026-03-25 20:36:21,482:DEBUG:acme.client:Sending POST request to https://acme-v02.api.letsencrypt.org/acme/authz/2889967666/678265222291:
{
  "protected": "eyJhbGciOiAiUlMyNTYiLCAia2lkIjogImh0dHBzOi8vYWNtZS12MDIuYXBpLmxldHNlbmNyeXB0Lm9yZy9hY21lL2FjY3QvMjg4OTk2NzY2NiIsICJub25jZSI6ICJ0V29fS2Y5UlBUOERnTVFIRGxlakQ0YWRVSnhCZGxPd0txaU9WV2lyUHZEZTVFVFctMHMiLCAidXJsIjogImh0dHBzOi8vYWNtZS12MDIuYXBpLmxldHNlbmNyeXB0Lm9yZy9hY21lL2F1dGh6LzI4ODk5Njc2NjYvNjc4MjY1MjIyMjkxIn0",
  "signature": "zr_sT2EfkmsN7gAE-2rvD_ZT2BPmYZjsf-CZURmrA2rVxuGz1z_9wkAP6I8ELsW2it6qBlr7jHL8taDtEs6TZ_AP6Ps1uZm3voRCsAbmU9RfHJMxr7Zp85q1mUGNakCNTkjEEcVlTrFz8jxMq5umUAhYNI3gCEIseJ0l_D950SmOFFNLb_Byyn5QvSKJ4pdv-x8zw4sLV_7b2k6huGsnG-mmhLl1gSyVjNDZMFZWFbDJ_cxsod30V3y_8av5ar0avSyGKPhxEf52XYeDokvP-AfcARtgBSK53NJbday3puxWAFpiL4qyd0905zWHh6vFY4beJfsq1NlBddqNXexHTw",
  "payload": ""
}
2026-03-25 20:36:21,728:DEBUG:urllib3.connectionpool:https://acme-v02.api.letsencrypt.org:443 "POST /acme/authz/2889967666/678265222291 HTTP/1.1" 200 828
2026-03-25 20:36:21,729:DEBUG:acme.client:Received response:
HTTP 200
Server: nginx
Date: Wed, 25 Mar 2026 20:36:21 GMT
Content-Type: application/json
Content-Length: 828
Connection: keep-alive
Boulder-Requester: 2889967666
Cache-Control: public, max-age=0, no-cache
Link: <https://acme-v02.api.letsencrypt.org/directory>;rel="index"
Replay-Nonce: pR9UrBEExBx79Qi0MfKqhfmxHj-0eIG4Chule1To7A3MtTiCN-s
X-Frame-Options: DENY
Strict-Transport-Security: max-age=604800

{
  "identifier": {
    "type": "dns",
    "value": "www.accredited.co.in"
  },
  "status": "pending",
  "expires": "2026-04-01T06:26:27Z",
  "challenges": [
    {
      "type": "http-01",
      "url": "https://acme-v02.api.letsencrypt.org/acme/chall/2889967666/678265222291/p0K-8Q",
      "status": "pending",
      "token": "8cr49vrTvCI5VDN8Lt0p7DNgMtZKzKxG8nb0QzjM_P8"
    },
    {
      "type": "tls-alpn-01",
      "url": "https://acme-v02.api.letsencrypt.org/acme/chall/2889967666/678265222291/xUFeNw",
      "status": "pending",
      "token": "8cr49vrTvCI5VDN8Lt0p7DNgMtZKzKxG8nb0QzjM_P8"
    },
    {
      "type": "dns-01",
      "url": "https://acme-v02.api.letsencrypt.org/acme/chall/2889967666/678265222291/H4gqHw",
      "status": "pending",
      "token": "8cr49vrTvCI5VDN8Lt0p7DNgMtZKzKxG8nb0QzjM_P8"
    }
  ]
}
2026-03-25 20:36:21,729:DEBUG:acme.client:Storing nonce: pR9UrBEExBx79Qi0MfKqhfmxHj-0eIG4Chule1To7A3MtTiCN-s
2026-03-25 20:36:21,729:INFO:certbot._internal.auth_handler:Performing the following challenges:
2026-03-25 20:36:21,729:INFO:certbot._internal.auth_handler:http-01 challenge for accredited.co.in
2026-03-25 20:36:21,729:INFO:certbot._internal.auth_handler:http-01 challenge for www.accredited.co.in
2026-03-25 20:36:21,730:DEBUG:acme.standalone:Failed to bind to :80 using IPv6
2026-03-25 20:36:21,730:DEBUG:acme.standalone:Failed to bind to :80 using IPv4
2026-03-25 20:36:21,739:DEBUG:certbot._internal.error_handler:Encountered exception:
Traceback (most recent call last):
  File "/usr/lib/python3/dist-packages/certbot/_internal/plugins/standalone.py", line 79, in run
    servers = acme_standalone.HTTP01DualNetworkedServers(
              ^^^^^^^^^^^^^^^^^^^^^^^^^^^^^^^^^^^^^^^^^^^
  File "/usr/lib/python3/dist-packages/acme/standalone.py", line 219, in __init__
    super().__init__(HTTP01Server, *args, **kwargs)
  File "/usr/lib/python3/dist-packages/acme/standalone.py", line 122, in __init__
    raise last_socket_err
  File "/usr/lib/python3/dist-packages/acme/standalone.py", line 97, in __init__
    server = ServerClass(*new_args, **kwargs)
             ^^^^^^^^^^^^^^^^^^^^^^^^^^^^^^^^
  File "/usr/lib/python3/dist-packages/acme/standalone.py", line 209, in __init__
    super().__init__(
  File "/usr/lib/python3/dist-packages/acme/standalone.py", line 201, in __init__
    super().__init__(*args, **kwargs)
  File "/usr/lib/python3.12/socketserver.py", line 457, in __init__
    self.server_bind()
  File "/usr/lib/python3.12/http/server.py", line 136, in server_bind
    socketserver.TCPServer.server_bind(self)
  File "/usr/lib/python3.12/socketserver.py", line 473, in server_bind
    self.socket.bind(self.server_address)
OSError: [Errno 98] Address already in use

During handling of the above exception, another exception occurred:

Traceback (most recent call last):
  File "/usr/lib/python3/dist-packages/certbot/_internal/plugins/standalone.py", line 170, in _try_perform_single
    return self._perform_single(achall)
           ^^^^^^^^^^^^^^^^^^^^^^^^^^^^
  File "/usr/lib/python3/dist-packages/certbot/_internal/plugins/standalone.py", line 176, in _perform_single
    servers, response = self._perform_http_01(achall)
                        ^^^^^^^^^^^^^^^^^^^^^^^^^^^^^
  File "/usr/lib/python3/dist-packages/certbot/_internal/plugins/standalone.py", line 185, in _perform_http_01
    servers = self.servers.run(port, challenges.HTTP01, listenaddr=addr)
              ^^^^^^^^^^^^^^^^^^^^^^^^^^^^^^^^^^^^^^^^^^^^^^^^^^^^^^^^^^
  File "/usr/lib/python3/dist-packages/certbot/_internal/plugins/standalone.py", line 82, in run
    raise errors.StandaloneBindError(error, port)
certbot.errors.StandaloneBindError: Problem binding to port 80: [Errno 98] Address already in use

During handling of the above exception, another exception occurred:

Traceback (most recent call last):
  File "/usr/lib/python3/dist-packages/certbot/_internal/auth_handler.py", line 88, in handle_authorizations
    resps = self.auth.perform(achalls)
            ^^^^^^^^^^^^^^^^^^^^^^^^^^
  File "/usr/lib/python3/dist-packages/certbot/_internal/plugins/standalone.py", line 164, in perform
    return [self._try_perform_single(achall) for achall in achalls]
            ^^^^^^^^^^^^^^^^^^^^^^^^^^^^^^^^
  File "/usr/lib/python3/dist-packages/certbot/_internal/plugins/standalone.py", line 172, in _try_perform_single
    _handle_perform_error(error)
  File "/usr/lib/python3/dist-packages/certbot/_internal/plugins/standalone.py", line 226, in _handle_perform_error
    raise errors.PluginError(msg)
certbot.errors.PluginError: Could not bind TCP port 80 because it is already in use by another process on this system (such as a web server). Please stop the program in question and then try again.

2026-03-25 20:36:21,739:DEBUG:certbot._internal.error_handler:Calling registered functions
2026-03-25 20:36:21,739:INFO:certbot._internal.auth_handler:Cleaning up challenges
2026-03-25 20:36:21,740:ERROR:certbot._internal.renewal:Failed to renew certificate accredited.co.in with error: Could not bind TCP port 80 because it is already in use by another process on this system (such as a web server). Please stop the program in question and then try again.
2026-03-25 20:36:21,748:DEBUG:certbot._internal.renewal:Traceback was:
Traceback (most recent call last):
  File "/usr/lib/python3/dist-packages/certbot/_internal/plugins/standalone.py", line 79, in run
    servers = acme_standalone.HTTP01DualNetworkedServers(
              ^^^^^^^^^^^^^^^^^^^^^^^^^^^^^^^^^^^^^^^^^^^
  File "/usr/lib/python3/dist-packages/acme/standalone.py", line 219, in __init__
    super().__init__(HTTP01Server, *args, **kwargs)
  File "/usr/lib/python3/dist-packages/acme/standalone.py", line 122, in __init__
    raise last_socket_err
  File "/usr/lib/python3/dist-packages/acme/standalone.py", line 97, in __init__
    server = ServerClass(*new_args, **kwargs)
             ^^^^^^^^^^^^^^^^^^^^^^^^^^^^^^^^
  File "/usr/lib/python3/dist-packages/acme/standalone.py", line 209, in __init__
    super().__init__(
  File "/usr/lib/python3/dist-packages/acme/standalone.py", line 201, in __init__
    super().__init__(*args, **kwargs)
  File "/usr/lib/python3.12/socketserver.py", line 457, in __init__
    self.server_bind()
  File "/usr/lib/python3.12/http/server.py", line 136, in server_bind
    socketserver.TCPServer.server_bind(self)
  File "/usr/lib/python3.12/socketserver.py", line 473, in server_bind
    self.socket.bind(self.server_address)
OSError: [Errno 98] Address already in use

During handling of the above exception, another exception occurred:

Traceback (most recent call last):
  File "/usr/lib/python3/dist-packages/certbot/_internal/plugins/standalone.py", line 170, in _try_perform_single
    return self._perform_single(achall)
           ^^^^^^^^^^^^^^^^^^^^^^^^^^^^
  File "/usr/lib/python3/dist-packages/certbot/_internal/plugins/standalone.py", line 176, in _perform_single
    servers, response = self._perform_http_01(achall)
                        ^^^^^^^^^^^^^^^^^^^^^^^^^^^^^
  File "/usr/lib/python3/dist-packages/certbot/_internal/plugins/standalone.py", line 185, in _perform_http_01
    servers = self.servers.run(port, challenges.HTTP01, listenaddr=addr)
              ^^^^^^^^^^^^^^^^^^^^^^^^^^^^^^^^^^^^^^^^^^^^^^^^^^^^^^^^^^
  File "/usr/lib/python3/dist-packages/certbot/_internal/plugins/standalone.py", line 82, in run
    raise errors.StandaloneBindError(error, port)
certbot.errors.StandaloneBindError: Problem binding to port 80: [Errno 98] Address already in use

During handling of the above exception, another exception occurred:

Traceback (most recent call last):
  File "/usr/lib/python3/dist-packages/certbot/_internal/renewal.py", line 540, in handle_renewal_request
    main.renew_cert(lineage_config, plugins, renewal_candidate)
  File "/usr/lib/python3/dist-packages/certbot/_internal/main.py", line 1550, in renew_cert
    renewed_lineage = _get_and_save_cert(le_client, config, lineage=lineage)
                      ^^^^^^^^^^^^^^^^^^^^^^^^^^^^^^^^^^^^^^^^^^^^^^^^^^^^^^
  File "/usr/lib/python3/dist-packages/certbot/_internal/main.py", line 131, in _get_and_save_cert
    renewal.renew_cert(config, domains, le_client, lineage)
  File "/usr/lib/python3/dist-packages/certbot/_internal/renewal.py", line 399, in renew_cert
    new_cert, new_chain, new_key, _ = le_client.obtain_certificate(domains, new_key)
                                      ^^^^^^^^^^^^^^^^^^^^^^^^^^^^^^^^^^^^^^^^^^^^^^
  File "/usr/lib/python3/dist-packages/certbot/_internal/client.py", line 428, in obtain_certificate
    orderr = self._get_order_and_authorizations(csr.data, self.config.allow_subset_of_names)
             ^^^^^^^^^^^^^^^^^^^^^^^^^^^^^^^^^^^^^^^^^^^^^^^^^^^^^^^^^^^^^^^^^^^^^^^^^^^^^^^
  File "/usr/lib/python3/dist-packages/certbot/_internal/client.py", line 496, in _get_order_and_authorizations
    authzr = self.auth_handler.handle_authorizations(orderr, self.config, best_effort)
             ^^^^^^^^^^^^^^^^^^^^^^^^^^^^^^^^^^^^^^^^^^^^^^^^^^^^^^^^^^^^^^^^^^^^^^^^^
  File "/usr/lib/python3/dist-packages/certbot/_internal/auth_handler.py", line 88, in handle_authorizations
    resps = self.auth.perform(achalls)
            ^^^^^^^^^^^^^^^^^^^^^^^^^^
  File "/usr/lib/python3/dist-packages/certbot/_internal/plugins/standalone.py", line 164, in perform
    return [self._try_perform_single(achall) for achall in achalls]
            ^^^^^^^^^^^^^^^^^^^^^^^^^^^^^^^^
  File "/usr/lib/python3/dist-packages/certbot/_internal/plugins/standalone.py", line 172, in _try_perform_single
    _handle_perform_error(error)
  File "/usr/lib/python3/dist-packages/certbot/_internal/plugins/standalone.py", line 226, in _handle_perform_error
    raise errors.PluginError(msg)
certbot.errors.PluginError: Could not bind TCP port 80 because it is already in use by another process on this system (such as a web server). Please stop the program in question and then try again.

2026-03-25 20:36:21,749:DEBUG:certbot._internal.display.obj:Notifying user: 
- - - - - - - - - - - - - - - - - - - - - - - - - - - - - - - - - - - - - - - -
2026-03-25 20:36:21,749:ERROR:certbot._internal.renewal:All renewals failed. The following certificates could not be renewed:
2026-03-25 20:36:21,749:ERROR:certbot._internal.renewal:  /etc/letsencrypt/live/accredited.co.in/fullchain.pem (failure)
2026-03-25 20:36:21,750:DEBUG:certbot._internal.display.obj:Notifying user: - - - - - - - - - - - - - - - - - - - - - - - - - - - - - - - - - - - - - - - -
2026-03-25 20:36:21,750:DEBUG:certbot._internal.log:Exiting abnormally:
Traceback (most recent call last):
  File "/usr/bin/certbot", line 33, in <module>
    sys.exit(load_entry_point('certbot==2.9.0', 'console_scripts', 'certbot')())
             ^^^^^^^^^^^^^^^^^^^^^^^^^^^^^^^^^^^^^^^^^^^^^^^^^^^^^^^^^^^^^^^^^^
  File "/usr/lib/python3/dist-packages/certbot/main.py", line 19, in main
    return internal_main.main(cli_args)
           ^^^^^^^^^^^^^^^^^^^^^^^^^^^^
  File "/usr/lib/python3/dist-packages/certbot/_internal/main.py", line 1894, in main
    return config.func(config, plugins)
           ^^^^^^^^^^^^^^^^^^^^^^^^^^^^
  File "/usr/lib/python3/dist-packages/certbot/_internal/main.py", line 1642, in renew
    renewed_domains, failed_domains = renewal.handle_renewal_request(config)
                                      ^^^^^^^^^^^^^^^^^^^^^^^^^^^^^^^^^^^^^^
  File "/usr/lib/python3/dist-packages/certbot/_internal/renewal.py", line 568, in handle_renewal_request
    raise errors.Error(
certbot.errors.Error: 1 renew failure(s), 0 parse failure(s)
2026-03-25 20:36:21,751:ERROR:certbot._internal.log:1 renew failure(s), 0 parse failure(s)
2026-03-26 10:11:35,095:DEBUG:certbot._internal.main:certbot version: 2.9.0
2026-03-26 10:11:35,095:DEBUG:certbot._internal.main:Location of certbot entry point: /usr/bin/certbot
2026-03-26 10:11:35,095:DEBUG:certbot._internal.main:Arguments: ['-q', '--no-random-sleep-on-renew']
2026-03-26 10:11:35,095:DEBUG:certbot._internal.main:Discovered plugins: PluginsRegistry(PluginEntryPoint#manual,PluginEntryPoint#nginx,PluginEntryPoint#null,PluginEntryPoint#standalone,PluginEntryPoint#webroot)
2026-03-26 10:11:35,153:DEBUG:certbot._internal.log:Root logging level set at 40
2026-03-26 10:11:35,158:DEBUG:certbot._internal.display.obj:Notifying user: Processing /etc/letsencrypt/renewal/accredited.co.in.conf
2026-03-26 10:11:35,160:DEBUG:certbot._internal.plugins.selection:Requested authenticator None and installer None
2026-03-26 10:11:35,193:DEBUG:certbot._internal.storage:Should renew, less than 30 days before certificate expiry 2026-03-18 16:57:35 UTC.
2026-03-26 10:11:35,194:INFO:certbot._internal.renewal:Certificate is due for renewal, auto-renewing...
2026-03-26 10:11:35,194:DEBUG:certbot._internal.plugins.selection:Requested authenticator standalone and installer None
2026-03-26 10:11:35,194:DEBUG:certbot._internal.plugins.selection:Single candidate plugin: * standalone
Description: Runs an HTTP server locally which serves the necessary validation files under the /.well-known/acme-challenge/ request path. Suitable if there is no HTTP server already running. HTTP challenge only (wildcards not supported).
Interfaces: Authenticator, Plugin
Entry point: EntryPoint(name='standalone', value='certbot._internal.plugins.standalone:Authenticator', group='certbot.plugins')
Initialized: <certbot._internal.plugins.standalone.Authenticator object at 0x7a23a0ab4920>
Prep: True
2026-03-26 10:11:35,194:DEBUG:certbot._internal.plugins.selection:Selected authenticator <certbot._internal.plugins.standalone.Authenticator object at 0x7a23a0ab4920> and installer None
2026-03-26 10:11:35,194:INFO:certbot._internal.plugins.selection:Plugins selected: Authenticator standalone, Installer None
2026-03-26 10:11:35,368:DEBUG:certbot._internal.main:Picked account: <Account(RegistrationResource(body=Registration(key=None, contact=(), agreement=None, status=None, terms_of_service_agreed=None, only_return_existing=None, external_account_binding=None), uri='https://acme-v02.api.letsencrypt.org/acme/acct/2889967666', new_authzr_uri=None, terms_of_service=None), 3f20d240b6117a9a90f93992868e4805, Meta(creation_dt=datetime.datetime(2025, 12, 18, 15, 52, 45, tzinfo=<UTC>), creation_host='instance-20251218-1639', register_to_eff=None))>
2026-03-26 10:11:35,369:DEBUG:acme.client:Sending GET request to https://acme-v02.api.letsencrypt.org/directory.
2026-03-26 10:11:35,372:DEBUG:urllib3.connectionpool:Starting new HTTPS connection (1): acme-v02.api.letsencrypt.org:443
2026-03-26 10:11:36,092:DEBUG:urllib3.connectionpool:https://acme-v02.api.letsencrypt.org:443 "GET /directory HTTP/1.1" 200 1033
2026-03-26 10:11:36,092:DEBUG:acme.client:Received response:
HTTP 200
Server: nginx
Date: Thu, 26 Mar 2026 10:11:35 GMT
Content-Type: application/json
Content-Length: 1033
Connection: keep-alive
Cache-Control: public, max-age=0, no-cache
X-Frame-Options: DENY
Strict-Transport-Security: max-age=604800

{
  "keyChange": "https://acme-v02.api.letsencrypt.org/acme/key-change",
  "meta": {
    "caaIdentities": [
      "letsencrypt.org"
    ],
    "profiles": {
      "classic": "https://letsencrypt.org/docs/profiles#classic",
      "shortlived": "https://letsencrypt.org/docs/profiles#shortlived",
      "tlsclient": "https://letsencrypt.org/docs/profiles#tlsclient",
      "tlsserver": "https://letsencrypt.org/docs/profiles#tlsserver"
    },
    "termsOfService": "https://letsencrypt.org/documents/LE-SA-v1.6-August-18-2025.pdf",
    "website": "https://letsencrypt.org"
  },
  "newAccount": "https://acme-v02.api.letsencrypt.org/acme/new-acct",
  "newNonce": "https://acme-v02.api.letsencrypt.org/acme/new-nonce",
  "newOrder": "https://acme-v02.api.letsencrypt.org/acme/new-order",
  "pTM8zXCru1w": "https://community.letsencrypt.org/t/adding-random-entries-to-the-directory/33417",
  "renewalInfo": "https://acme-v02.api.letsencrypt.org/acme/renewal-info",
  "revokeCert": "https://acme-v02.api.letsencrypt.org/acme/revoke-cert"
}
2026-03-26 10:11:36,097:DEBUG:certbot._internal.display.obj:Notifying user: Renewing an existing certificate for accredited.co.in and www.accredited.co.in
2026-03-26 10:11:36,102:DEBUG:acme.client:Requesting fresh nonce
2026-03-26 10:11:36,102:DEBUG:acme.client:Sending HEAD request to https://acme-v02.api.letsencrypt.org/acme/new-nonce.
2026-03-26 10:11:36,342:DEBUG:urllib3.connectionpool:https://acme-v02.api.letsencrypt.org:443 "HEAD /acme/new-nonce HTTP/1.1" 200 0
2026-03-26 10:11:36,343:DEBUG:acme.client:Received response:
HTTP 200
Server: nginx
Date: Thu, 26 Mar 2026 10:11:36 GMT
Connection: keep-alive
Cache-Control: public, max-age=0, no-cache
Link: <https://acme-v02.api.letsencrypt.org/directory>;rel="index"
Replay-Nonce: pR9UrBEEgEk3VTZMt5rXouy4P9wLezLz4FV5rlTgZN6fHFcNnmU
X-Frame-Options: DENY
Strict-Transport-Security: max-age=604800


2026-03-26 10:11:36,343:DEBUG:acme.client:Storing nonce: pR9UrBEEgEk3VTZMt5rXouy4P9wLezLz4FV5rlTgZN6fHFcNnmU
2026-03-26 10:11:36,343:DEBUG:acme.client:JWS payload:
b'{\n  "identifiers": [\n    {\n      "type": "dns",\n      "value": "accredited.co.in"\n    },\n    {\n      "type": "dns",\n      "value": "www.accredited.co.in"\n    }\n  ]\n}'
2026-03-26 10:11:36,347:DEBUG:acme.client:Sending POST request to https://acme-v02.api.letsencrypt.org/acme/new-order:
{
  "protected": "eyJhbGciOiAiUlMyNTYiLCAia2lkIjogImh0dHBzOi8vYWNtZS12MDIuYXBpLmxldHNlbmNyeXB0Lm9yZy9hY21lL2FjY3QvMjg4OTk2NzY2NiIsICJub25jZSI6ICJwUjlVckJFRWdFazNWVFpNdDVyWG91eTRQOXdMZXpMejRGVjVybFRnWk42ZkhGY05ubVUiLCAidXJsIjogImh0dHBzOi8vYWNtZS12MDIuYXBpLmxldHNlbmNyeXB0Lm9yZy9hY21lL25ldy1vcmRlciJ9",
  "signature": "2GsJtvJf4xTr1Irj0eASebACda_Lod3lMkr7NkNijtuJM_tVhafuaMWGoPscW2V2AhPvaqFNPGhFPj0vHXuS_gRqQAsTI-_RsjNlfJMJRgNE51Wjlgmxs4yhlztA3wVzo8pagpcEqRsxJ-sdCDZ0YQtvi4HaMXQGaiCYtL5q0noMix2Hxj2e_pMbGC_2XtAAfR5dRDNATL4-ietyXihJFyce_hN-akXpIcWzZqgknV2UUILmC-AdGbMq4dnMCa0jumRqxegpI4KNMXkGiPdsM9PvBRGXw_MnZH2pxrKb3wj5RbVcWC5AbGE8YJ14jX65czcQAOB5zXp4v5kpoEpbqQ",
  "payload": "ewogICJpZGVudGlmaWVycyI6IFsKICAgIHsKICAgICAgInR5cGUiOiAiZG5zIiwKICAgICAgInZhbHVlIjogImFjY3JlZGl0ZWQuY28uaW4iCiAgICB9LAogICAgewogICAgICAidHlwZSI6ICJkbnMiLAogICAgICAidmFsdWUiOiAid3d3LmFjY3JlZGl0ZWQuY28uaW4iCiAgICB9CiAgXQp9"
}
2026-03-26 10:11:36,611:DEBUG:urllib3.connectionpool:https://acme-v02.api.letsencrypt.org:443 "POST /acme/new-order HTTP/1.1" 201 501
2026-03-26 10:11:36,612:DEBUG:acme.client:Received response:
HTTP 201
Server: nginx
Date: Thu, 26 Mar 2026 10:11:36 GMT
Content-Type: application/json
Content-Length: 501
Connection: keep-alive
Boulder-Requester: 2889967666
Cache-Control: public, max-age=0, no-cache
Link: <https://acme-v02.api.letsencrypt.org/directory>;rel="index"
Location: https://acme-v02.api.letsencrypt.org/acme/order/2889967666/494035430181
Replay-Nonce: tWo_Kf9R6I2Jy8w-RnlecQH25t-tAnvE4spyDzC8HLRoXvToER8
X-Frame-Options: DENY
Strict-Transport-Security: max-age=604800

{
  "status": "pending",
  "expires": "2026-04-01T06:26:27Z",
  "identifiers": [
    {
      "type": "dns",
      "value": "accredited.co.in"
    },
    {
      "type": "dns",
      "value": "www.accredited.co.in"
    }
  ],
  "authorizations": [
    "https://acme-v02.api.letsencrypt.org/acme/authz/2889967666/678265222021",
    "https://acme-v02.api.letsencrypt.org/acme/authz/2889967666/678265222291"
  ],
  "finalize": "https://acme-v02.api.letsencrypt.org/acme/finalize/2889967666/494035430181"
}
2026-03-26 10:11:36,612:DEBUG:acme.client:Storing nonce: tWo_Kf9R6I2Jy8w-RnlecQH25t-tAnvE4spyDzC8HLRoXvToER8
2026-03-26 10:11:36,612:DEBUG:acme.client:JWS payload:
b''
2026-03-26 10:11:36,614:DEBUG:acme.client:Sending POST request to https://acme-v02.api.letsencrypt.org/acme/authz/2889967666/678265222021:
{
  "protected": "eyJhbGciOiAiUlMyNTYiLCAia2lkIjogImh0dHBzOi8vYWNtZS12MDIuYXBpLmxldHNlbmNyeXB0Lm9yZy9hY21lL2FjY3QvMjg4OTk2NzY2NiIsICJub25jZSI6ICJ0V29fS2Y5UjZJMkp5OHctUm5sZWNRSDI1dC10QW52RTRzcHlEekM4SExSb1h2VG9FUjgiLCAidXJsIjogImh0dHBzOi8vYWNtZS12MDIuYXBpLmxldHNlbmNyeXB0Lm9yZy9hY21lL2F1dGh6LzI4ODk5Njc2NjYvNjc4MjY1MjIyMDIxIn0",
  "signature": "PvgxqOyMJ8dA2PxkdEUs68kEXNlYnspyoWFDxxZQeSQ7ffqGhHMS42YeBAI8CbTNCqV1j_qpu-LslJDyEn5QbNfWhb0VjQmBHmbOHzHQcC0nfcNFvZOJJ3c3U9yPgYcLRoFQ1pcpp17YsO9ZGF_msIrWSA2ak2I5FQhbmV01i5dGfMxyN8r4n46WVH9MWcGOuL6VObzuXWRpFpt7ovdbeX0fA_RbmJdnCdYwG7qtAYRQQmZqY257KwLRqvbvktTRkOMxQpl4UVRUCyHZo4rIWKP--M8hestP9PoEvNX8nNAn45S3e0TW4y29JTrkTJuseuJe4RMeqRktnG6rhIc_kA",
  "payload": ""
}
2026-03-26 10:11:36,856:DEBUG:urllib3.connectionpool:https://acme-v02.api.letsencrypt.org:443 "POST /acme/authz/2889967666/678265222021 HTTP/1.1" 200 824
2026-03-26 10:11:36,856:DEBUG:acme.client:Received response:
HTTP 200
Server: nginx
Date: Thu, 26 Mar 2026 10:11:36 GMT
Content-Type: application/json
Content-Length: 824
Connection: keep-alive
Boulder-Requester: 2889967666
Cache-Control: public, max-age=0, no-cache
Link: <https://acme-v02.api.letsencrypt.org/directory>;rel="index"
Replay-Nonce: pR9UrBEEIc60cNP-TEDYprcKAsIYaSvd3FNZ1DiwbR0syLTzIy8
X-Frame-Options: DENY
Strict-Transport-Security: max-age=604800

{
  "identifier": {
    "type": "dns",
    "value": "accredited.co.in"
  },
  "status": "pending",
  "expires": "2026-04-01T06:26:27Z",
  "challenges": [
    {
      "type": "dns-01",
      "url": "https://acme-v02.api.letsencrypt.org/acme/chall/2889967666/678265222021/xfo1GA",
      "status": "pending",
      "token": "nym_FGwAahf_mVp3LNeLtYz_NfJMIbwO4tsLeU7soMs"
    },
    {
      "type": "http-01",
      "url": "https://acme-v02.api.letsencrypt.org/acme/chall/2889967666/678265222021/nlHk5g",
      "status": "pending",
      "token": "nym_FGwAahf_mVp3LNeLtYz_NfJMIbwO4tsLeU7soMs"
    },
    {
      "type": "tls-alpn-01",
      "url": "https://acme-v02.api.letsencrypt.org/acme/chall/2889967666/678265222021/enXD0g",
      "status": "pending",
      "token": "nym_FGwAahf_mVp3LNeLtYz_NfJMIbwO4tsLeU7soMs"
    }
  ]
}
2026-03-26 10:11:36,856:DEBUG:acme.client:Storing nonce: pR9UrBEEIc60cNP-TEDYprcKAsIYaSvd3FNZ1DiwbR0syLTzIy8
2026-03-26 10:11:36,857:DEBUG:acme.client:JWS payload:
b''
2026-03-26 10:11:36,858:DEBUG:acme.client:Sending POST request to https://acme-v02.api.letsencrypt.org/acme/authz/2889967666/678265222291:
{
  "protected": "eyJhbGciOiAiUlMyNTYiLCAia2lkIjogImh0dHBzOi8vYWNtZS12MDIuYXBpLmxldHNlbmNyeXB0Lm9yZy9hY21lL2FjY3QvMjg4OTk2NzY2NiIsICJub25jZSI6ICJwUjlVckJFRUljNjBjTlAtVEVEWXByY0tBc0lZYVN2ZDNGTloxRGl3YlIwc3lMVHpJeTgiLCAidXJsIjogImh0dHBzOi8vYWNtZS12MDIuYXBpLmxldHNlbmNyeXB0Lm9yZy9hY21lL2F1dGh6LzI4ODk5Njc2NjYvNjc4MjY1MjIyMjkxIn0",
  "signature": "DEHJNPe-Kmr7oUY2C9BZ1z4rmIDlqAkutUi-5i01b1aAxLjqIt5P1duPRCe4rQZs5XG62stvFW1dzNFhofttYveTkMzM1L4TTc-8AJupdga0tmZ3MlsJAvjwOHBkxTiw6u6L2wiX4LyP_95x--x8IpF6pCMlCO6APlldU9FR5l_UFjYX7_TxFoOdWy7JdJtvki0Z4VNMrF6OWizsRdnow-GMeqokFVvRPf6v2fRw7ODR_uMoDh6EIp6NdluzhR_-yf0q6a4Wb43ZIoPopF716lbhjakG1mByiKaN4hwTYHEiqGartQQglq9SkMchE_wIqnrBX22QZvqH0JsCYM9URA",
  "payload": ""
}
2026-03-26 10:11:37,100:DEBUG:urllib3.connectionpool:https://acme-v02.api.letsencrypt.org:443 "POST /acme/authz/2889967666/678265222291 HTTP/1.1" 200 828
2026-03-26 10:11:37,101:DEBUG:acme.client:Received response:
HTTP 200
Server: nginx
Date: Thu, 26 Mar 2026 10:11:36 GMT
Content-Type: application/json
Content-Length: 828
Connection: keep-alive
Boulder-Requester: 2889967666
Cache-Control: public, max-age=0, no-cache
Link: <https://acme-v02.api.letsencrypt.org/directory>;rel="index"
Replay-Nonce: pR9UrBEETf8VEIHvQqKS76YMiJkWuV_dzU_IYCz6OVnungK5uzk
X-Frame-Options: DENY
Strict-Transport-Security: max-age=604800

{
  "identifier": {
    "type": "dns",
    "value": "www.accredited.co.in"
  },
  "status": "pending",
  "expires": "2026-04-01T06:26:27Z",
  "challenges": [
    {
      "type": "dns-01",
      "url": "https://acme-v02.api.letsencrypt.org/acme/chall/2889967666/678265222291/H4gqHw",
      "status": "pending",
      "token": "8cr49vrTvCI5VDN8Lt0p7DNgMtZKzKxG8nb0QzjM_P8"
    },
    {
      "type": "tls-alpn-01",
      "url": "https://acme-v02.api.letsencrypt.org/acme/chall/2889967666/678265222291/xUFeNw",
      "status": "pending",
      "token": "8cr49vrTvCI5VDN8Lt0p7DNgMtZKzKxG8nb0QzjM_P8"
    },
    {
      "type": "http-01",
      "url": "https://acme-v02.api.letsencrypt.org/acme/chall/2889967666/678265222291/p0K-8Q",
      "status": "pending",
      "token": "8cr49vrTvCI5VDN8Lt0p7DNgMtZKzKxG8nb0QzjM_P8"
    }
  ]
}
2026-03-26 10:11:37,101:DEBUG:acme.client:Storing nonce: pR9UrBEETf8VEIHvQqKS76YMiJkWuV_dzU_IYCz6OVnungK5uzk
2026-03-26 10:11:37,101:INFO:certbot._internal.auth_handler:Performing the following challenges:
2026-03-26 10:11:37,101:INFO:certbot._internal.auth_handler:http-01 challenge for accredited.co.in
2026-03-26 10:11:37,102:INFO:certbot._internal.auth_handler:http-01 challenge for www.accredited.co.in
2026-03-26 10:11:37,102:DEBUG:acme.standalone:Failed to bind to :80 using IPv6
2026-03-26 10:11:37,102:DEBUG:acme.standalone:Failed to bind to :80 using IPv4
2026-03-26 10:11:37,112:DEBUG:certbot._internal.error_handler:Encountered exception:
Traceback (most recent call last):
  File "/usr/lib/python3/dist-packages/certbot/_internal/plugins/standalone.py", line 79, in run
    servers = acme_standalone.HTTP01DualNetworkedServers(
              ^^^^^^^^^^^^^^^^^^^^^^^^^^^^^^^^^^^^^^^^^^^
  File "/usr/lib/python3/dist-packages/acme/standalone.py", line 219, in __init__
    super().__init__(HTTP01Server, *args, **kwargs)
  File "/usr/lib/python3/dist-packages/acme/standalone.py", line 122, in __init__
    raise last_socket_err
  File "/usr/lib/python3/dist-packages/acme/standalone.py", line 97, in __init__
    server = ServerClass(*new_args, **kwargs)
             ^^^^^^^^^^^^^^^^^^^^^^^^^^^^^^^^
  File "/usr/lib/python3/dist-packages/acme/standalone.py", line 209, in __init__
    super().__init__(
  File "/usr/lib/python3/dist-packages/acme/standalone.py", line 201, in __init__
    super().__init__(*args, **kwargs)
  File "/usr/lib/python3.12/socketserver.py", line 457, in __init__
    self.server_bind()
  File "/usr/lib/python3.12/http/server.py", line 136, in server_bind
    socketserver.TCPServer.server_bind(self)
  File "/usr/lib/python3.12/socketserver.py", line 473, in server_bind
    self.socket.bind(self.server_address)
OSError: [Errno 98] Address already in use

During handling of the above exception, another exception occurred:

Traceback (most recent call last):
  File "/usr/lib/python3/dist-packages/certbot/_internal/plugins/standalone.py", line 170, in _try_perform_single
    return self._perform_single(achall)
           ^^^^^^^^^^^^^^^^^^^^^^^^^^^^
  File "/usr/lib/python3/dist-packages/certbot/_internal/plugins/standalone.py", line 176, in _perform_single
    servers, response = self._perform_http_01(achall)
                        ^^^^^^^^^^^^^^^^^^^^^^^^^^^^^
  File "/usr/lib/python3/dist-packages/certbot/_internal/plugins/standalone.py", line 185, in _perform_http_01
    servers = self.servers.run(port, challenges.HTTP01, listenaddr=addr)
              ^^^^^^^^^^^^^^^^^^^^^^^^^^^^^^^^^^^^^^^^^^^^^^^^^^^^^^^^^^
  File "/usr/lib/python3/dist-packages/certbot/_internal/plugins/standalone.py", line 82, in run
    raise errors.StandaloneBindError(error, port)
certbot.errors.StandaloneBindError: Problem binding to port 80: [Errno 98] Address already in use

During handling of the above exception, another exception occurred:

Traceback (most recent call last):
  File "/usr/lib/python3/dist-packages/certbot/_internal/auth_handler.py", line 88, in handle_authorizations
    resps = self.auth.perform(achalls)
            ^^^^^^^^^^^^^^^^^^^^^^^^^^
  File "/usr/lib/python3/dist-packages/certbot/_internal/plugins/standalone.py", line 164, in perform
    return [self._try_perform_single(achall) for achall in achalls]
            ^^^^^^^^^^^^^^^^^^^^^^^^^^^^^^^^
  File "/usr/lib/python3/dist-packages/certbot/_internal/plugins/standalone.py", line 172, in _try_perform_single
    _handle_perform_error(error)
  File "/usr/lib/python3/dist-packages/certbot/_internal/plugins/standalone.py", line 226, in _handle_perform_error
    raise errors.PluginError(msg)
certbot.errors.PluginError: Could not bind TCP port 80 because it is already in use by another process on this system (such as a web server). Please stop the program in question and then try again.

2026-03-26 10:11:37,112:DEBUG:certbot._internal.error_handler:Calling registered functions
2026-03-26 10:11:37,112:INFO:certbot._internal.auth_handler:Cleaning up challenges
2026-03-26 10:11:37,113:ERROR:certbot._internal.renewal:Failed to renew certificate accredited.co.in with error: Could not bind TCP port 80 because it is already in use by another process on this system (such as a web server). Please stop the program in question and then try again.
2026-03-26 10:11:37,120:DEBUG:certbot._internal.renewal:Traceback was:
Traceback (most recent call last):
  File "/usr/lib/python3/dist-packages/certbot/_internal/plugins/standalone.py", line 79, in run
    servers = acme_standalone.HTTP01DualNetworkedServers(
              ^^^^^^^^^^^^^^^^^^^^^^^^^^^^^^^^^^^^^^^^^^^
  File "/usr/lib/python3/dist-packages/acme/standalone.py", line 219, in __init__
    super().__init__(HTTP01Server, *args, **kwargs)
  File "/usr/lib/python3/dist-packages/acme/standalone.py", line 122, in __init__
    raise last_socket_err
  File "/usr/lib/python3/dist-packages/acme/standalone.py", line 97, in __init__
    server = ServerClass(*new_args, **kwargs)
             ^^^^^^^^^^^^^^^^^^^^^^^^^^^^^^^^
  File "/usr/lib/python3/dist-packages/acme/standalone.py", line 209, in __init__
    super().__init__(
  File "/usr/lib/python3/dist-packages/acme/standalone.py", line 201, in __init__
    super().__init__(*args, **kwargs)
  File "/usr/lib/python3.12/socketserver.py", line 457, in __init__
    self.server_bind()
  File "/usr/lib/python3.12/http/server.py", line 136, in server_bind
    socketserver.TCPServer.server_bind(self)
  File "/usr/lib/python3.12/socketserver.py", line 473, in server_bind
    self.socket.bind(self.server_address)
OSError: [Errno 98] Address already in use

During handling of the above exception, another exception occurred:

Traceback (most recent call last):
  File "/usr/lib/python3/dist-packages/certbot/_internal/plugins/standalone.py", line 170, in _try_perform_single
    return self._perform_single(achall)
           ^^^^^^^^^^^^^^^^^^^^^^^^^^^^
  File "/usr/lib/python3/dist-packages/certbot/_internal/plugins/standalone.py", line 176, in _perform_single
    servers, response = self._perform_http_01(achall)
                        ^^^^^^^^^^^^^^^^^^^^^^^^^^^^^
  File "/usr/lib/python3/dist-packages/certbot/_internal/plugins/standalone.py", line 185, in _perform_http_01
    servers = self.servers.run(port, challenges.HTTP01, listenaddr=addr)
              ^^^^^^^^^^^^^^^^^^^^^^^^^^^^^^^^^^^^^^^^^^^^^^^^^^^^^^^^^^
  File "/usr/lib/python3/dist-packages/certbot/_internal/plugins/standalone.py", line 82, in run
    raise errors.StandaloneBindError(error, port)
certbot.errors.StandaloneBindError: Problem binding to port 80: [Errno 98] Address already in use

During handling of the above exception, another exception occurred:

Traceback (most recent call last):
  File "/usr/lib/python3/dist-packages/certbot/_internal/renewal.py", line 540, in handle_renewal_request
    main.renew_cert(lineage_config, plugins, renewal_candidate)
  File "/usr/lib/python3/dist-packages/certbot/_internal/main.py", line 1550, in renew_cert
    renewed_lineage = _get_and_save_cert(le_client, config, lineage=lineage)
                      ^^^^^^^^^^^^^^^^^^^^^^^^^^^^^^^^^^^^^^^^^^^^^^^^^^^^^^
  File "/usr/lib/python3/dist-packages/certbot/_internal/main.py", line 131, in _get_and_save_cert
    renewal.renew_cert(config, domains, le_client, lineage)
  File "/usr/lib/python3/dist-packages/certbot/_internal/renewal.py", line 399, in renew_cert
    new_cert, new_chain, new_key, _ = le_client.obtain_certificate(domains, new_key)
                                      ^^^^^^^^^^^^^^^^^^^^^^^^^^^^^^^^^^^^^^^^^^^^^^
  File "/usr/lib/python3/dist-packages/certbot/_internal/client.py", line 428, in obtain_certificate
    orderr = self._get_order_and_authorizations(csr.data, self.config.allow_subset_of_names)
             ^^^^^^^^^^^^^^^^^^^^^^^^^^^^^^^^^^^^^^^^^^^^^^^^^^^^^^^^^^^^^^^^^^^^^^^^^^^^^^^
  File "/usr/lib/python3/dist-packages/certbot/_internal/client.py", line 496, in _get_order_and_authorizations
    authzr = self.auth_handler.handle_authorizations(orderr, self.config, best_effort)
             ^^^^^^^^^^^^^^^^^^^^^^^^^^^^^^^^^^^^^^^^^^^^^^^^^^^^^^^^^^^^^^^^^^^^^^^^^
  File "/usr/lib/python3/dist-packages/certbot/_internal/auth_handler.py", line 88, in handle_authorizations
    resps = self.auth.perform(achalls)
            ^^^^^^^^^^^^^^^^^^^^^^^^^^
  File "/usr/lib/python3/dist-packages/certbot/_internal/plugins/standalone.py", line 164, in perform
    return [self._try_perform_single(achall) for achall in achalls]
            ^^^^^^^^^^^^^^^^^^^^^^^^^^^^^^^^
  File "/usr/lib/python3/dist-packages/certbot/_internal/plugins/standalone.py", line 172, in _try_perform_single
    _handle_perform_error(error)
  File "/usr/lib/python3/dist-packages/certbot/_internal/plugins/standalone.py", line 226, in _handle_perform_error
    raise errors.PluginError(msg)
certbot.errors.PluginError: Could not bind TCP port 80 because it is already in use by another process on this system (such as a web server). Please stop the program in question and then try again.

2026-03-26 10:11:37,121:DEBUG:certbot._internal.display.obj:Notifying user: 
- - - - - - - - - - - - - - - - - - - - - - - - - - - - - - - - - - - - - - - -
2026-03-26 10:11:37,121:ERROR:certbot._internal.renewal:All renewals failed. The following certificates could not be renewed:
2026-03-26 10:11:37,122:ERROR:certbot._internal.renewal:  /etc/letsencrypt/live/accredited.co.in/fullchain.pem (failure)
2026-03-26 10:11:37,122:DEBUG:certbot._internal.display.obj:Notifying user: - - - - - - - - - - - - - - - - - - - - - - - - - - - - - - - - - - - - - - - -
2026-03-26 10:11:37,122:DEBUG:certbot._internal.log:Exiting abnormally:
Traceback (most recent call last):
  File "/usr/bin/certbot", line 33, in <module>
    sys.exit(load_entry_point('certbot==2.9.0', 'console_scripts', 'certbot')())
             ^^^^^^^^^^^^^^^^^^^^^^^^^^^^^^^^^^^^^^^^^^^^^^^^^^^^^^^^^^^^^^^^^^
  File "/usr/lib/python3/dist-packages/certbot/main.py", line 19, in main
    return internal_main.main(cli_args)
           ^^^^^^^^^^^^^^^^^^^^^^^^^^^^
  File "/usr/lib/python3/dist-packages/certbot/_internal/main.py", line 1894, in main
    return config.func(config, plugins)
           ^^^^^^^^^^^^^^^^^^^^^^^^^^^^
  File "/usr/lib/python3/dist-packages/certbot/_internal/main.py", line 1642, in renew
    renewed_domains, failed_domains = renewal.handle_renewal_request(config)
                                      ^^^^^^^^^^^^^^^^^^^^^^^^^^^^^^^^^^^^^^
  File "/usr/lib/python3/dist-packages/certbot/_internal/renewal.py", line 568, in handle_renewal_request
    raise errors.Error(
certbot.errors.Error: 1 renew failure(s), 0 parse failure(s)
2026-03-26 10:11:37,123:ERROR:certbot._internal.log:1 renew failure(s), 0 parse failure(s)
2026-03-26 18:14:49,644:DEBUG:certbot._internal.main:certbot version: 2.9.0
2026-03-26 18:14:49,644:DEBUG:certbot._internal.main:Location of certbot entry point: /usr/bin/certbot
2026-03-26 18:14:49,644:DEBUG:certbot._internal.main:Arguments: ['-q', '--no-random-sleep-on-renew']
2026-03-26 18:14:49,644:DEBUG:certbot._internal.main:Discovered plugins: PluginsRegistry(PluginEntryPoint#manual,PluginEntryPoint#nginx,PluginEntryPoint#null,PluginEntryPoint#standalone,PluginEntryPoint#webroot)
2026-03-26 18:14:49,657:DEBUG:certbot._internal.log:Root logging level set at 40
2026-03-26 18:14:49,660:DEBUG:certbot._internal.display.obj:Notifying user: Processing /etc/letsencrypt/renewal/accredited.co.in.conf
2026-03-26 18:14:49,662:DEBUG:certbot._internal.plugins.selection:Requested authenticator None and installer None
2026-03-26 18:14:49,692:DEBUG:certbot._internal.storage:Should renew, less than 30 days before certificate expiry 2026-03-18 16:57:35 UTC.
2026-03-26 18:14:49,692:INFO:certbot._internal.renewal:Certificate is due for renewal, auto-renewing...
2026-03-26 18:14:49,692:DEBUG:certbot._internal.plugins.selection:Requested authenticator standalone and installer None
2026-03-26 18:14:49,692:DEBUG:certbot._internal.plugins.selection:Single candidate plugin: * standalone
Description: Runs an HTTP server locally which serves the necessary validation files under the /.well-known/acme-challenge/ request path. Suitable if there is no HTTP server already running. HTTP challenge only (wildcards not supported).
Interfaces: Authenticator, Plugin
Entry point: EntryPoint(name='standalone', value='certbot._internal.plugins.standalone:Authenticator', group='certbot.plugins')
Initialized: <certbot._internal.plugins.standalone.Authenticator object at 0x745c87ad9130>
Prep: True
2026-03-26 18:14:49,693:DEBUG:certbot._internal.plugins.selection:Selected authenticator <certbot._internal.plugins.standalone.Authenticator object at 0x745c87ad9130> and installer None
2026-03-26 18:14:49,693:INFO:certbot._internal.plugins.selection:Plugins selected: Authenticator standalone, Installer None
2026-03-26 18:14:49,874:DEBUG:certbot._internal.main:Picked account: <Account(RegistrationResource(body=Registration(key=None, contact=(), agreement=None, status=None, terms_of_service_agreed=None, only_return_existing=None, external_account_binding=None), uri='https://acme-v02.api.letsencrypt.org/acme/acct/2889967666', new_authzr_uri=None, terms_of_service=None), 3f20d240b6117a9a90f93992868e4805, Meta(creation_dt=datetime.datetime(2025, 12, 18, 15, 52, 45, tzinfo=<UTC>), creation_host='instance-20251218-1639', register_to_eff=None))>
2026-03-26 18:14:49,875:DEBUG:acme.client:Sending GET request to https://acme-v02.api.letsencrypt.org/directory.
2026-03-26 18:14:49,878:DEBUG:urllib3.connectionpool:Starting new HTTPS connection (1): acme-v02.api.letsencrypt.org:443
2026-03-26 18:14:50,592:DEBUG:urllib3.connectionpool:https://acme-v02.api.letsencrypt.org:443 "GET /directory HTTP/1.1" 200 1033
2026-03-26 18:14:50,592:DEBUG:acme.client:Received response:
HTTP 200
Server: nginx
Date: Thu, 26 Mar 2026 18:14:50 GMT
Content-Type: application/json
Content-Length: 1033
Connection: keep-alive
Cache-Control: public, max-age=0, no-cache
X-Frame-Options: DENY
Strict-Transport-Security: max-age=604800

{
  "Y-Q_ooirN8A": "https://community.letsencrypt.org/t/adding-random-entries-to-the-directory/33417",
  "keyChange": "https://acme-v02.api.letsencrypt.org/acme/key-change",
  "meta": {
    "caaIdentities": [
      "letsencrypt.org"
    ],
    "profiles": {
      "classic": "https://letsencrypt.org/docs/profiles#classic",
      "shortlived": "https://letsencrypt.org/docs/profiles#shortlived",
      "tlsclient": "https://letsencrypt.org/docs/profiles#tlsclient",
      "tlsserver": "https://letsencrypt.org/docs/profiles#tlsserver"
    },
    "termsOfService": "https://letsencrypt.org/documents/LE-SA-v1.6-August-18-2025.pdf",
    "website": "https://letsencrypt.org"
  },
  "newAccount": "https://acme-v02.api.letsencrypt.org/acme/new-acct",
  "newNonce": "https://acme-v02.api.letsencrypt.org/acme/new-nonce",
  "newOrder": "https://acme-v02.api.letsencrypt.org/acme/new-order",
  "renewalInfo": "https://acme-v02.api.letsencrypt.org/acme/renewal-info",
  "revokeCert": "https://acme-v02.api.letsencrypt.org/acme/revoke-cert"
}
2026-03-26 18:14:50,597:DEBUG:certbot._internal.display.obj:Notifying user: Renewing an existing certificate for accredited.co.in and www.accredited.co.in
2026-03-26 18:14:50,602:DEBUG:acme.client:Requesting fresh nonce
2026-03-26 18:14:50,602:DEBUG:acme.client:Sending HEAD request to https://acme-v02.api.letsencrypt.org/acme/new-nonce.
2026-03-26 18:14:50,836:DEBUG:urllib3.connectionpool:https://acme-v02.api.letsencrypt.org:443 "HEAD /acme/new-nonce HTTP/1.1" 200 0
2026-03-26 18:14:50,837:DEBUG:acme.client:Received response:
HTTP 200
Server: nginx
Date: Thu, 26 Mar 2026 18:14:50 GMT
Connection: keep-alive
Cache-Control: public, max-age=0, no-cache
Link: <https://acme-v02.api.letsencrypt.org/directory>;rel="index"
Replay-Nonce: AmIxaHeIhmpfGQCs3UdP-DguICgV6SWDraO_flajctYDemA34Iw
X-Frame-Options: DENY
Strict-Transport-Security: max-age=604800


2026-03-26 18:14:50,837:DEBUG:acme.client:Storing nonce: AmIxaHeIhmpfGQCs3UdP-DguICgV6SWDraO_flajctYDemA34Iw
2026-03-26 18:14:50,837:DEBUG:acme.client:JWS payload:
b'{\n  "identifiers": [\n    {\n      "type": "dns",\n      "value": "accredited.co.in"\n    },\n    {\n      "type": "dns",\n      "value": "www.accredited.co.in"\n    }\n  ]\n}'
2026-03-26 18:14:50,841:DEBUG:acme.client:Sending POST request to https://acme-v02.api.letsencrypt.org/acme/new-order:
{
  "protected": "eyJhbGciOiAiUlMyNTYiLCAia2lkIjogImh0dHBzOi8vYWNtZS12MDIuYXBpLmxldHNlbmNyeXB0Lm9yZy9hY21lL2FjY3QvMjg4OTk2NzY2NiIsICJub25jZSI6ICJBbUl4YUhlSWhtcGZHUUNzM1VkUC1EZ3VJQ2dWNlNXRHJhT19mbGFqY3RZRGVtQTM0SXciLCAidXJsIjogImh0dHBzOi8vYWNtZS12MDIuYXBpLmxldHNlbmNyeXB0Lm9yZy9hY21lL25ldy1vcmRlciJ9",
  "signature": "rQV8XYc9x43a-qjVhij-Yj3PR-Ce_Zh95W2D9J7nkrvNfGRrcU5XRNhT1GQrFoFpFYKNJOBhbjkl-hIZlsde5HTYPSk67DxMvAfj-AgaxbIJZhB9t67eGB8lVhmOHrd3Pu1ZMsuqTyOjsZDaAqe7FunceUbSjR7qj_WLgR9QFawsllXkNdoCc4zbUM-992QcBumI6pkvHHB4gWtEukeHl8GKc9AyBp3QSgOv3K9FHAHGfbN56ljAiGLJZ8XJLGATNDjB1tBHeM8_JEtaXJLHbY3smR81Gtc_yNTqTK7r1MMV0H0ksS-JmZH2kwhfoSFm6LaTB5YUYH3uTJczVCaJJw",
  "payload": "ewogICJpZGVudGlmaWVycyI6IFsKICAgIHsKICAgICAgInR5cGUiOiAiZG5zIiwKICAgICAgInZhbHVlIjogImFjY3JlZGl0ZWQuY28uaW4iCiAgICB9LAogICAgewogICAgICAidHlwZSI6ICJkbnMiLAogICAgICAidmFsdWUiOiAid3d3LmFjY3JlZGl0ZWQuY28uaW4iCiAgICB9CiAgXQp9"
}
2026-03-26 18:14:51,092:DEBUG:urllib3.connectionpool:https://acme-v02.api.letsencrypt.org:443 "POST /acme/new-order HTTP/1.1" 201 501
2026-03-26 18:14:51,093:DEBUG:acme.client:Received response:
HTTP 201
Server: nginx
Date: Thu, 26 Mar 2026 18:14:50 GMT
Content-Type: application/json
Content-Length: 501
Connection: keep-alive
Boulder-Requester: 2889967666
Cache-Control: public, max-age=0, no-cache
Link: <https://acme-v02.api.letsencrypt.org/directory>;rel="index"
Location: https://acme-v02.api.letsencrypt.org/acme/order/2889967666/494035430181
Replay-Nonce: rZ6rhvMzR_TpPkc3pCabS-fPtBj90DcDr7dLgbVEm-OlFUjHe4I
X-Frame-Options: DENY
Strict-Transport-Security: max-age=604800

{
  "status": "pending",
  "expires": "2026-04-01T06:26:27Z",
  "identifiers": [
    {
      "type": "dns",
      "value": "accredited.co.in"
    },
    {
      "type": "dns",
      "value": "www.accredited.co.in"
    }
  ],
  "authorizations": [
    "https://acme-v02.api.letsencrypt.org/acme/authz/2889967666/678265222021",
    "https://acme-v02.api.letsencrypt.org/acme/authz/2889967666/678265222291"
  ],
  "finalize": "https://acme-v02.api.letsencrypt.org/acme/finalize/2889967666/494035430181"
}
2026-03-26 18:14:51,093:DEBUG:acme.client:Storing nonce: rZ6rhvMzR_TpPkc3pCabS-fPtBj90DcDr7dLgbVEm-OlFUjHe4I
2026-03-26 18:14:51,093:DEBUG:acme.client:JWS payload:
b''
2026-03-26 18:14:51,095:DEBUG:acme.client:Sending POST request to https://acme-v02.api.letsencrypt.org/acme/authz/2889967666/678265222021:
{
  "protected": "eyJhbGciOiAiUlMyNTYiLCAia2lkIjogImh0dHBzOi8vYWNtZS12MDIuYXBpLmxldHNlbmNyeXB0Lm9yZy9hY21lL2FjY3QvMjg4OTk2NzY2NiIsICJub25jZSI6ICJyWjZyaHZNelJfVHBQa2MzcENhYlMtZlB0Qmo5MERjRHI3ZExnYlZFbS1PbEZVakhlNEkiLCAidXJsIjogImh0dHBzOi8vYWNtZS12MDIuYXBpLmxldHNlbmNyeXB0Lm9yZy9hY21lL2F1dGh6LzI4ODk5Njc2NjYvNjc4MjY1MjIyMDIxIn0",
  "signature": "mFXBtd2Fx_WkJ3NL-9KzJo92amYxiM-1Jvk-AhJucxbBkZJeHyqSgmGNBPcr7wk-kE8wwwUwfrzdW4G3pu5R-2dm9Li38KZexQsJLixOqpuULNIs80PGl-cxuHt963nnchx_U8DIDXhik13P4cEliMR-qFjVjqB-Q9j30JzXAC38K91HSNouF7DQfV4B9VbXDopRtCOTaxtEPrJkae99Wl5m5N5-11-v7eEI5KL5BjlLj6u4Qm4ywVgsBhkh2Beoj7L1-OPoVOpHpzY01Tue7zLsdfUkqEcVv39h7BBmwQAdDrnh4RIUPRv_lXAbloFBiSA45DRFXiP4_BRqKxeaRw",
  "payload": ""
}
2026-03-26 18:14:51,332:DEBUG:urllib3.connectionpool:https://acme-v02.api.letsencrypt.org:443 "POST /acme/authz/2889967666/678265222021 HTTP/1.1" 200 824
2026-03-26 18:14:51,333:DEBUG:acme.client:Received response:
HTTP 200
Server: nginx
Date: Thu, 26 Mar 2026 18:14:51 GMT
Content-Type: application/json
Content-Length: 824
Connection: keep-alive
Boulder-Requester: 2889967666
Cache-Control: public, max-age=0, no-cache
Link: <https://acme-v02.api.letsencrypt.org/directory>;rel="index"
Replay-Nonce: rZ6rhvMzOK5HWSl0dD7bEQj1NWO43hXkId6D_9yJU8FIdhov3j8
X-Frame-Options: DENY
Strict-Transport-Security: max-age=604800

{
  "identifier": {
    "type": "dns",
    "value": "accredited.co.in"
  },
  "status": "pending",
  "expires": "2026-04-01T06:26:27Z",
  "challenges": [
    {
      "type": "tls-alpn-01",
      "url": "https://acme-v02.api.letsencrypt.org/acme/chall/2889967666/678265222021/enXD0g",
      "status": "pending",
      "token": "nym_FGwAahf_mVp3LNeLtYz_NfJMIbwO4tsLeU7soMs"
    },
    {
      "type": "dns-01",
      "url": "https://acme-v02.api.letsencrypt.org/acme/chall/2889967666/678265222021/xfo1GA",
      "status": "pending",
      "token": "nym_FGwAahf_mVp3LNeLtYz_NfJMIbwO4tsLeU7soMs"
    },
    {
      "type": "http-01",
      "url": "https://acme-v02.api.letsencrypt.org/acme/chall/2889967666/678265222021/nlHk5g",
      "status": "pending",
      "token": "nym_FGwAahf_mVp3LNeLtYz_NfJMIbwO4tsLeU7soMs"
    }
  ]
}
2026-03-26 18:14:51,333:DEBUG:acme.client:Storing nonce: rZ6rhvMzOK5HWSl0dD7bEQj1NWO43hXkId6D_9yJU8FIdhov3j8
2026-03-26 18:14:51,333:DEBUG:acme.client:JWS payload:
b''
2026-03-26 18:14:51,335:DEBUG:acme.client:Sending POST request to https://acme-v02.api.letsencrypt.org/acme/authz/2889967666/678265222291:
{
  "protected": "eyJhbGciOiAiUlMyNTYiLCAia2lkIjogImh0dHBzOi8vYWNtZS12MDIuYXBpLmxldHNlbmNyeXB0Lm9yZy9hY21lL2FjY3QvMjg4OTk2NzY2NiIsICJub25jZSI6ICJyWjZyaHZNek9LNUhXU2wwZEQ3YkVRajFOV080M2hYa0lkNkRfOXlKVThGSWRob3YzajgiLCAidXJsIjogImh0dHBzOi8vYWNtZS12MDIuYXBpLmxldHNlbmNyeXB0Lm9yZy9hY21lL2F1dGh6LzI4ODk5Njc2NjYvNjc4MjY1MjIyMjkxIn0",
  "signature": "fSNlZYUcGpPyoxLU6q1_HXMZTB7-ndIjS_pHc_szElzYqGnxGpn9d-OiY-48iJlb1z92y41hy3P0wVPFNEZvuF0O1M0uToHTJOCfJGTlF3_1YgY_jc93WT_J-MvFBEJPI2kSPceg_fgFpVFwkxkWx5cAcG8fwvCJNy42JPh_EIXOCs6b6nj2ma9_8_3ayqt0pFafM9jbUe43IKdugJNUVqozCQA0zC1bKMXbBp24lB9ABBIyEoIaMj_k2LNX1w_Ab5v01ilQ1Zk3elRZu8oA-YL_iZmSg8LcN9ncPbxoC5ZG1PongvRAQhUXzvE6dC7rGodO1Tu4U23cE-Nwgl6nVg",
  "payload": ""
}
2026-03-26 18:14:51,573:DEBUG:urllib3.connectionpool:https://acme-v02.api.letsencrypt.org:443 "POST /acme/authz/2889967666/678265222291 HTTP/1.1" 200 828
2026-03-26 18:14:51,574:DEBUG:acme.client:Received response:
HTTP 200
Server: nginx
Date: Thu, 26 Mar 2026 18:14:51 GMT
Content-Type: application/json
Content-Length: 828
Connection: keep-alive
Boulder-Requester: 2889967666
Cache-Control: public, max-age=0, no-cache
Link: <https://acme-v02.api.letsencrypt.org/directory>;rel="index"
Replay-Nonce: rZ6rhvMzQ8FYsg3KSUiZGmfKmmzJ7l65LwCr3kYFLZnj7xGKwqI
X-Frame-Options: DENY
Strict-Transport-Security: max-age=604800

{
  "identifier": {
    "type": "dns",
    "value": "www.accredited.co.in"
  },
  "status": "pending",
  "expires": "2026-04-01T06:26:27Z",
  "challenges": [
    {
      "type": "dns-01",
      "url": "https://acme-v02.api.letsencrypt.org/acme/chall/2889967666/678265222291/H4gqHw",
      "status": "pending",
      "token": "8cr49vrTvCI5VDN8Lt0p7DNgMtZKzKxG8nb0QzjM_P8"
    },
    {
      "type": "http-01",
      "url": "https://acme-v02.api.letsencrypt.org/acme/chall/2889967666/678265222291/p0K-8Q",
      "status": "pending",
      "token": "8cr49vrTvCI5VDN8Lt0p7DNgMtZKzKxG8nb0QzjM_P8"
    },
    {
      "type": "tls-alpn-01",
      "url": "https://acme-v02.api.letsencrypt.org/acme/chall/2889967666/678265222291/xUFeNw",
      "status": "pending",
      "token": "8cr49vrTvCI5VDN8Lt0p7DNgMtZKzKxG8nb0QzjM_P8"
    }
  ]
}
2026-03-26 18:14:51,574:DEBUG:acme.client:Storing nonce: rZ6rhvMzQ8FYsg3KSUiZGmfKmmzJ7l65LwCr3kYFLZnj7xGKwqI
2026-03-26 18:14:51,574:INFO:certbot._internal.auth_handler:Performing the following challenges:
2026-03-26 18:14:51,574:INFO:certbot._internal.auth_handler:http-01 challenge for accredited.co.in
2026-03-26 18:14:51,574:INFO:certbot._internal.auth_handler:http-01 challenge for www.accredited.co.in
2026-03-26 18:14:51,575:DEBUG:acme.standalone:Failed to bind to :80 using IPv6
2026-03-26 18:14:51,575:DEBUG:acme.standalone:Failed to bind to :80 using IPv4
2026-03-26 18:14:51,581:DEBUG:certbot._internal.error_handler:Encountered exception:
Traceback (most recent call last):
  File "/usr/lib/python3/dist-packages/certbot/_internal/plugins/standalone.py", line 79, in run
    servers = acme_standalone.HTTP01DualNetworkedServers(
              ^^^^^^^^^^^^^^^^^^^^^^^^^^^^^^^^^^^^^^^^^^^
  File "/usr/lib/python3/dist-packages/acme/standalone.py", line 219, in __init__
    super().__init__(HTTP01Server, *args, **kwargs)
  File "/usr/lib/python3/dist-packages/acme/standalone.py", line 122, in __init__
    raise last_socket_err
  File "/usr/lib/python3/dist-packages/acme/standalone.py", line 97, in __init__
    server = ServerClass(*new_args, **kwargs)
             ^^^^^^^^^^^^^^^^^^^^^^^^^^^^^^^^
  File "/usr/lib/python3/dist-packages/acme/standalone.py", line 209, in __init__
    super().__init__(
  File "/usr/lib/python3/dist-packages/acme/standalone.py", line 201, in __init__
    super().__init__(*args, **kwargs)
  File "/usr/lib/python3.12/socketserver.py", line 457, in __init__
    self.server_bind()
  File "/usr/lib/python3.12/http/server.py", line 136, in server_bind
    socketserver.TCPServer.server_bind(self)
  File "/usr/lib/python3.12/socketserver.py", line 473, in server_bind
    self.socket.bind(self.server_address)
OSError: [Errno 98] Address already in use

During handling of the above exception, another exception occurred:

Traceback (most recent call last):
  File "/usr/lib/python3/dist-packages/certbot/_internal/plugins/standalone.py", line 170, in _try_perform_single
    return self._perform_single(achall)
           ^^^^^^^^^^^^^^^^^^^^^^^^^^^^
  File "/usr/lib/python3/dist-packages/certbot/_internal/plugins/standalone.py", line 176, in _perform_single
    servers, response = self._perform_http_01(achall)
                        ^^^^^^^^^^^^^^^^^^^^^^^^^^^^^
  File "/usr/lib/python3/dist-packages/certbot/_internal/plugins/standalone.py", line 185, in _perform_http_01
    servers = self.servers.run(port, challenges.HTTP01, listenaddr=addr)
              ^^^^^^^^^^^^^^^^^^^^^^^^^^^^^^^^^^^^^^^^^^^^^^^^^^^^^^^^^^
  File "/usr/lib/python3/dist-packages/certbot/_internal/plugins/standalone.py", line 82, in run
    raise errors.StandaloneBindError(error, port)
certbot.errors.StandaloneBindError: Problem binding to port 80: [Errno 98] Address already in use

During handling of the above exception, another exception occurred:

Traceback (most recent call last):
  File "/usr/lib/python3/dist-packages/certbot/_internal/auth_handler.py", line 88, in handle_authorizations
    resps = self.auth.perform(achalls)
            ^^^^^^^^^^^^^^^^^^^^^^^^^^
  File "/usr/lib/python3/dist-packages/certbot/_internal/plugins/standalone.py", line 164, in perform
    return [self._try_perform_single(achall) for achall in achalls]
            ^^^^^^^^^^^^^^^^^^^^^^^^^^^^^^^^
  File "/usr/lib/python3/dist-packages/certbot/_internal/plugins/standalone.py", line 172, in _try_perform_single
    _handle_perform_error(error)
  File "/usr/lib/python3/dist-packages/certbot/_internal/plugins/standalone.py", line 226, in _handle_perform_error
    raise errors.PluginError(msg)
certbot.errors.PluginError: Could not bind TCP port 80 because it is already in use by another process on this system (such as a web server). Please stop the program in question and then try again.

2026-03-26 18:14:51,582:DEBUG:certbot._internal.error_handler:Calling registered functions
2026-03-26 18:14:51,582:INFO:certbot._internal.auth_handler:Cleaning up challenges
2026-03-26 18:14:51,582:ERROR:certbot._internal.renewal:Failed to renew certificate accredited.co.in with error: Could not bind TCP port 80 because it is already in use by another process on this system (such as a web server). Please stop the program in question and then try again.
2026-03-26 18:14:51,589:DEBUG:certbot._internal.renewal:Traceback was:
Traceback (most recent call last):
  File "/usr/lib/python3/dist-packages/certbot/_internal/plugins/standalone.py", line 79, in run
    servers = acme_standalone.HTTP01DualNetworkedServers(
              ^^^^^^^^^^^^^^^^^^^^^^^^^^^^^^^^^^^^^^^^^^^
  File "/usr/lib/python3/dist-packages/acme/standalone.py", line 219, in __init__
    super().__init__(HTTP01Server, *args, **kwargs)
  File "/usr/lib/python3/dist-packages/acme/standalone.py", line 122, in __init__
    raise last_socket_err
  File "/usr/lib/python3/dist-packages/acme/standalone.py", line 97, in __init__
    server = ServerClass(*new_args, **kwargs)
             ^^^^^^^^^^^^^^^^^^^^^^^^^^^^^^^^
  File "/usr/lib/python3/dist-packages/acme/standalone.py", line 209, in __init__
    super().__init__(
  File "/usr/lib/python3/dist-packages/acme/standalone.py", line 201, in __init__
    super().__init__(*args, **kwargs)
  File "/usr/lib/python3.12/socketserver.py", line 457, in __init__
    self.server_bind()
  File "/usr/lib/python3.12/http/server.py", line 136, in server_bind
    socketserver.TCPServer.server_bind(self)
  File "/usr/lib/python3.12/socketserver.py", line 473, in server_bind
    self.socket.bind(self.server_address)
OSError: [Errno 98] Address already in use

During handling of the above exception, another exception occurred:

Traceback (most recent call last):
  File "/usr/lib/python3/dist-packages/certbot/_internal/plugins/standalone.py", line 170, in _try_perform_single
    return self._perform_single(achall)
           ^^^^^^^^^^^^^^^^^^^^^^^^^^^^
  File "/usr/lib/python3/dist-packages/certbot/_internal/plugins/standalone.py", line 176, in _perform_single
    servers, response = self._perform_http_01(achall)
                        ^^^^^^^^^^^^^^^^^^^^^^^^^^^^^
  File "/usr/lib/python3/dist-packages/certbot/_internal/plugins/standalone.py", line 185, in _perform_http_01
    servers = self.servers.run(port, challenges.HTTP01, listenaddr=addr)
              ^^^^^^^^^^^^^^^^^^^^^^^^^^^^^^^^^^^^^^^^^^^^^^^^^^^^^^^^^^
  File "/usr/lib/python3/dist-packages/certbot/_internal/plugins/standalone.py", line 82, in run
    raise errors.StandaloneBindError(error, port)
certbot.errors.StandaloneBindError: Problem binding to port 80: [Errno 98] Address already in use

During handling of the above exception, another exception occurred:

Traceback (most recent call last):
  File "/usr/lib/python3/dist-packages/certbot/_internal/renewal.py", line 540, in handle_renewal_request
    main.renew_cert(lineage_config, plugins, renewal_candidate)
  File "/usr/lib/python3/dist-packages/certbot/_internal/main.py", line 1550, in renew_cert
    renewed_lineage = _get_and_save_cert(le_client, config, lineage=lineage)
                      ^^^^^^^^^^^^^^^^^^^^^^^^^^^^^^^^^^^^^^^^^^^^^^^^^^^^^^
  File "/usr/lib/python3/dist-packages/certbot/_internal/main.py", line 131, in _get_and_save_cert
    renewal.renew_cert(config, domains, le_client, lineage)
  File "/usr/lib/python3/dist-packages/certbot/_internal/renewal.py", line 399, in renew_cert
    new_cert, new_chain, new_key, _ = le_client.obtain_certificate(domains, new_key)
                                      ^^^^^^^^^^^^^^^^^^^^^^^^^^^^^^^^^^^^^^^^^^^^^^
  File "/usr/lib/python3/dist-packages/certbot/_internal/client.py", line 428, in obtain_certificate
    orderr = self._get_order_and_authorizations(csr.data, self.config.allow_subset_of_names)
             ^^^^^^^^^^^^^^^^^^^^^^^^^^^^^^^^^^^^^^^^^^^^^^^^^^^^^^^^^^^^^^^^^^^^^^^^^^^^^^^
  File "/usr/lib/python3/dist-packages/certbot/_internal/client.py", line 496, in _get_order_and_authorizations
    authzr = self.auth_handler.handle_authorizations(orderr, self.config, best_effort)
             ^^^^^^^^^^^^^^^^^^^^^^^^^^^^^^^^^^^^^^^^^^^^^^^^^^^^^^^^^^^^^^^^^^^^^^^^^
  File "/usr/lib/python3/dist-packages/certbot/_internal/auth_handler.py", line 88, in handle_authorizations
    resps = self.auth.perform(achalls)
            ^^^^^^^^^^^^^^^^^^^^^^^^^^
  File "/usr/lib/python3/dist-packages/certbot/_internal/plugins/standalone.py", line 164, in perform
    return [self._try_perform_single(achall) for achall in achalls]
            ^^^^^^^^^^^^^^^^^^^^^^^^^^^^^^^^
  File "/usr/lib/python3/dist-packages/certbot/_internal/plugins/standalone.py", line 172, in _try_perform_single
    _handle_perform_error(error)
  File "/usr/lib/python3/dist-packages/certbot/_internal/plugins/standalone.py", line 226, in _handle_perform_error
    raise errors.PluginError(msg)
certbot.errors.PluginError: Could not bind TCP port 80 because it is already in use by another process on this system (such as a web server). Please stop the program in question and then try again.

2026-03-26 18:14:51,590:DEBUG:certbot._internal.display.obj:Notifying user: 
- - - - - - - - - - - - - - - - - - - - - - - - - - - - - - - - - - - - - - - -
2026-03-26 18:14:51,590:ERROR:certbot._internal.renewal:All renewals failed. The following certificates could not be renewed:
2026-03-26 18:14:51,590:ERROR:certbot._internal.renewal:  /etc/letsencrypt/live/accredited.co.in/fullchain.pem (failure)
2026-03-26 18:14:51,590:DEBUG:certbot._internal.display.obj:Notifying user: - - - - - - - - - - - - - - - - - - - - - - - - - - - - - - - - - - - - - - - -
2026-03-26 18:14:51,590:DEBUG:certbot._internal.log:Exiting abnormally:
Traceback (most recent call last):
  File "/usr/bin/certbot", line 33, in <module>
    sys.exit(load_entry_point('certbot==2.9.0', 'console_scripts', 'certbot')())
             ^^^^^^^^^^^^^^^^^^^^^^^^^^^^^^^^^^^^^^^^^^^^^^^^^^^^^^^^^^^^^^^^^^
  File "/usr/lib/python3/dist-packages/certbot/main.py", line 19, in main
    return internal_main.main(cli_args)
           ^^^^^^^^^^^^^^^^^^^^^^^^^^^^
  File "/usr/lib/python3/dist-packages/certbot/_internal/main.py", line 1894, in main
    return config.func(config, plugins)
           ^^^^^^^^^^^^^^^^^^^^^^^^^^^^
  File "/usr/lib/python3/dist-packages/certbot/_internal/main.py", line 1642, in renew
    renewed_domains, failed_domains = renewal.handle_renewal_request(config)
                                      ^^^^^^^^^^^^^^^^^^^^^^^^^^^^^^^^^^^^^^
  File "/usr/lib/python3/dist-packages/certbot/_internal/renewal.py", line 568, in handle_renewal_request
    raise errors.Error(
certbot.errors.Error: 1 renew failure(s), 0 parse failure(s)
2026-03-26 18:14:51,592:ERROR:certbot._internal.log:1 renew failure(s), 0 parse failure(s)
2026-03-27 06:11:12,189:DEBUG:certbot._internal.main:certbot version: 2.9.0
2026-03-27 06:11:12,189:DEBUG:certbot._internal.main:Location of certbot entry point: /usr/bin/certbot
2026-03-27 06:11:12,189:DEBUG:certbot._internal.main:Arguments: []
2026-03-27 06:11:12,190:DEBUG:certbot._internal.main:Discovered plugins: PluginsRegistry(PluginEntryPoint#manual,PluginEntryPoint#nginx,PluginEntryPoint#null,PluginEntryPoint#standalone,PluginEntryPoint#webroot)
2026-03-27 06:11:12,238:DEBUG:certbot._internal.log:Root logging level set at 30
2026-03-27 06:11:12,249:DEBUG:certbot._internal.display.obj:Notifying user: Processing /etc/letsencrypt/renewal/accredited.co.in.conf
2026-03-27 06:11:12,263:DEBUG:certbot._internal.plugins.selection:Requested authenticator None and installer None
2026-03-27 06:11:12,297:DEBUG:certbot._internal.storage:Should renew, less than 30 days before certificate expiry 2026-03-18 16:57:35 UTC.
2026-03-27 06:11:12,297:INFO:certbot._internal.renewal:Certificate is due for renewal, auto-renewing...
2026-03-27 06:11:12,297:INFO:certbot._internal.renewal:Non-interactive renewal: random delay of 431.37289369744894 seconds
2026-03-27 06:14:08,573:DEBUG:certbot._internal.main:certbot version: 2.9.0
2026-03-27 06:14:08,574:DEBUG:certbot._internal.main:Location of certbot entry point: /usr/bin/certbot
2026-03-27 06:14:08,574:DEBUG:certbot._internal.main:Arguments: ['--non-interactive']
2026-03-27 06:14:08,574:DEBUG:certbot._internal.main:Discovered plugins: PluginsRegistry(PluginEntryPoint#manual,PluginEntryPoint#nginx,PluginEntryPoint#null,PluginEntryPoint#standalone,PluginEntryPoint#webroot)
2026-03-27 06:14:08,584:DEBUG:certbot._internal.log:Root logging level set at 30
2026-03-27 06:14:08,585:DEBUG:certbot._internal.display.obj:Notifying user: Processing /etc/letsencrypt/renewal/accredited.co.in.conf
2026-03-27 06:14:08,586:DEBUG:certbot._internal.plugins.selection:Requested authenticator None and installer None
2026-03-27 06:14:08,659:DEBUG:certbot._internal.storage:Should renew, less than 30 days before certificate expiry 2026-03-18 16:57:35 UTC.
2026-03-27 06:14:08,659:INFO:certbot._internal.renewal:Certificate is due for renewal, auto-renewing...
2026-03-27 06:14:08,659:INFO:certbot._internal.renewal:Non-interactive renewal: random delay of 417.71704580447147 seconds
2026-03-27 06:21:06,377:DEBUG:certbot._internal.plugins.selection:Requested authenticator standalone and installer None
2026-03-27 06:21:06,377:DEBUG:certbot._internal.plugins.selection:Single candidate plugin: * standalone
Description: Runs an HTTP server locally which serves the necessary validation files under the /.well-known/acme-challenge/ request path. Suitable if there is no HTTP server already running. HTTP challenge only (wildcards not supported).
Interfaces: Authenticator, Plugin
Entry point: EntryPoint(name='standalone', value='certbot._internal.plugins.standalone:Authenticator', group='certbot.plugins')
Initialized: <certbot._internal.plugins.standalone.Authenticator object at 0x7c7d846d6990>
Prep: True
2026-03-27 06:21:06,378:DEBUG:certbot._internal.plugins.selection:Selected authenticator <certbot._internal.plugins.standalone.Authenticator object at 0x7c7d846d6990> and installer None
2026-03-27 06:21:06,378:INFO:certbot._internal.plugins.selection:Plugins selected: Authenticator standalone, Installer None
2026-03-27 06:21:06,473:DEBUG:certbot._internal.main:Picked account: <Account(RegistrationResource(body=Registration(key=None, contact=(), agreement=None, status=None, terms_of_service_agreed=None, only_return_existing=None, external_account_binding=None), uri='https://acme-v02.api.letsencrypt.org/acme/acct/2889967666', new_authzr_uri=None, terms_of_service=None), 3f20d240b6117a9a90f93992868e4805, Meta(creation_dt=datetime.datetime(2025, 12, 18, 15, 52, 45, tzinfo=<UTC>), creation_host='instance-20251218-1639', register_to_eff=None))>
2026-03-27 06:21:06,474:DEBUG:acme.client:Sending GET request to https://acme-v02.api.letsencrypt.org/directory.
2026-03-27 06:21:06,476:DEBUG:urllib3.connectionpool:Starting new HTTPS connection (1): acme-v02.api.letsencrypt.org:443
2026-03-27 06:21:07,228:DEBUG:urllib3.connectionpool:https://acme-v02.api.letsencrypt.org:443 "GET /directory HTTP/1.1" 200 1033
2026-03-27 06:21:07,229:DEBUG:acme.client:Received response:
HTTP 200
Server: nginx
Date: Fri, 27 Mar 2026 06:21:07 GMT
Content-Type: application/json
Content-Length: 1033
Connection: keep-alive
Cache-Control: public, max-age=0, no-cache
X-Frame-Options: DENY
Strict-Transport-Security: max-age=604800

{
  "27HaVc40FJc": "https://community.letsencrypt.org/t/adding-random-entries-to-the-directory/33417",
  "keyChange": "https://acme-v02.api.letsencrypt.org/acme/key-change",
  "meta": {
    "caaIdentities": [
      "letsencrypt.org"
    ],
    "profiles": {
      "classic": "https://letsencrypt.org/docs/profiles#classic",
      "shortlived": "https://letsencrypt.org/docs/profiles#shortlived",
      "tlsclient": "https://letsencrypt.org/docs/profiles#tlsclient",
      "tlsserver": "https://letsencrypt.org/docs/profiles#tlsserver"
    },
    "termsOfService": "https://letsencrypt.org/documents/LE-SA-v1.6-August-18-2025.pdf",
    "website": "https://letsencrypt.org"
  },
  "newAccount": "https://acme-v02.api.letsencrypt.org/acme/new-acct",
  "newNonce": "https://acme-v02.api.letsencrypt.org/acme/new-nonce",
  "newOrder": "https://acme-v02.api.letsencrypt.org/acme/new-order",
  "renewalInfo": "https://acme-v02.api.letsencrypt.org/acme/renewal-info",
  "revokeCert": "https://acme-v02.api.letsencrypt.org/acme/revoke-cert"
}
2026-03-27 06:21:07,233:DEBUG:certbot._internal.display.obj:Notifying user: Renewing an existing certificate for accredited.co.in and www.accredited.co.in
2026-03-27 06:21:07,234:ERROR:certbot._internal.renewal:Failed to renew certificate accredited.co.in with error: [Errno 32] Broken pipe
2026-03-27 06:21:07,240:DEBUG:certbot._internal.renewal:Traceback was:
Traceback (most recent call last):
  File "/usr/lib/python3/dist-packages/certbot/_internal/renewal.py", line 540, in handle_renewal_request
    main.renew_cert(lineage_config, plugins, renewal_candidate)
  File "/usr/lib/python3/dist-packages/certbot/_internal/main.py", line 1550, in renew_cert
    renewed_lineage = _get_and_save_cert(le_client, config, lineage=lineage)
                      ^^^^^^^^^^^^^^^^^^^^^^^^^^^^^^^^^^^^^^^^^^^^^^^^^^^^^^
  File "/usr/lib/python3/dist-packages/certbot/_internal/main.py", line 124, in _get_and_save_cert
    display_util.notify(
  File "/usr/lib/python3/dist-packages/certbot/display/util.py", line 35, in notify
    obj.get_display().notification(msg, pause=False, decorate=False, wrap=False)
  File "/usr/lib/python3/dist-packages/certbot/_internal/display/obj.py", line 446, in notification
    self.outfile.flush()
BrokenPipeError: [Errno 32] Broken pipe

2026-03-27 06:21:07,243:DEBUG:certbot._internal.display.obj:Notifying user: 
- - - - - - - - - - - - - - - - - - - - - - - - - - - - - - - - - - - - - - - -
2026-03-27 06:21:07,243:DEBUG:certbot._internal.log:Exiting abnormally:
Traceback (most recent call last):
  File "/usr/bin/certbot", line 33, in <module>
    sys.exit(load_entry_point('certbot==2.9.0', 'console_scripts', 'certbot')())
             ^^^^^^^^^^^^^^^^^^^^^^^^^^^^^^^^^^^^^^^^^^^^^^^^^^^^^^^^^^^^^^^^^^
  File "/usr/lib/python3/dist-packages/certbot/main.py", line 19, in main
    return internal_main.main(cli_args)
           ^^^^^^^^^^^^^^^^^^^^^^^^^^^^
  File "/usr/lib/python3/dist-packages/certbot/_internal/main.py", line 1894, in main
    return config.func(config, plugins)
           ^^^^^^^^^^^^^^^^^^^^^^^^^^^^
  File "/usr/lib/python3/dist-packages/certbot/_internal/main.py", line 1642, in renew
    renewed_domains, failed_domains = renewal.handle_renewal_request(config)
                                      ^^^^^^^^^^^^^^^^^^^^^^^^^^^^^^^^^^^^^^
  File "/usr/lib/python3/dist-packages/certbot/_internal/renewal.py", line 564, in handle_renewal_request
    _renew_describe_results(config, renew_successes, renew_failures,
  File "/usr/lib/python3/dist-packages/certbot/_internal/renewal.py", line 433, in _renew_describe_results
    notify(f'\n{display_obj.SIDE_FRAME}')
  File "/usr/lib/python3/dist-packages/certbot/display/util.py", line 35, in notify
    obj.get_display().notification(msg, pause=False, decorate=False, wrap=False)
  File "/usr/lib/python3/dist-packages/certbot/_internal/display/obj.py", line 446, in notification
    self.outfile.flush()
BrokenPipeError: [Errno 32] Broken pipe
2026-03-27 06:21:07,246:ERROR:certbot._internal.log:An unexpected error occurred:
2026-03-27 06:21:07,246:ERROR:certbot._internal.log:BrokenPipeError: [Errno 32] Broken pipe
2026-03-27 06:23:39,349:DEBUG:certbot._internal.main:certbot version: 2.9.0
2026-03-27 06:23:39,350:DEBUG:certbot._internal.main:Location of certbot entry point: /usr/bin/certbot
2026-03-27 06:23:39,350:DEBUG:certbot._internal.main:Arguments: []
2026-03-27 06:23:39,350:DEBUG:certbot._internal.main:Discovered plugins: PluginsRegistry(PluginEntryPoint#manual,PluginEntryPoint#nginx,PluginEntryPoint#null,PluginEntryPoint#standalone,PluginEntryPoint#webroot)
2026-03-27 06:23:39,363:DEBUG:certbot._internal.log:Root logging level set at 30
2026-03-27 06:23:39,386:DEBUG:certbot._internal.display.obj:Notifying user: Found the following certs:
  Certificate Name: accredited.co.in
    Serial Number: 53ce0c1b40a779ef77439bf9ddcd0881d72
    Key Type: ECDSA
    Domains: accredited.co.in www.accredited.co.in
    Expiry Date: 2026-03-18 16:57:35+00:00 (INVALID: EXPIRED)
    Certificate Path: /etc/letsencrypt/live/accredited.co.in/fullchain.pem
    Private Key Path: /etc/letsencrypt/live/accredited.co.in/privkey.pem
2026-03-27 06:33:19,576:DEBUG:certbot._internal.main:certbot version: 2.9.0
2026-03-27 06:33:19,576:DEBUG:certbot._internal.main:Location of certbot entry point: /usr/bin/certbot
2026-03-27 06:33:19,576:DEBUG:certbot._internal.main:Arguments: []
2026-03-27 06:33:19,576:DEBUG:certbot._internal.main:Discovered plugins: PluginsRegistry(PluginEntryPoint#manual,PluginEntryPoint#nginx,PluginEntryPoint#null,PluginEntryPoint#standalone,PluginEntryPoint#webroot)
2026-03-27 06:33:19,587:DEBUG:certbot._internal.log:Root logging level set at 30
2026-03-27 06:33:19,652:DEBUG:certbot._internal.display.obj:Notifying user: Found the following certs:
  Certificate Name: accredited.co.in
    Serial Number: 53ce0c1b40a779ef77439bf9ddcd0881d72
    Key Type: ECDSA
    Domains: accredited.co.in www.accredited.co.in
    Expiry Date: 2026-03-18 16:57:35+00:00 (INVALID: EXPIRED)
    Certificate Path: /etc/letsencrypt/live/accredited.co.in/fullchain.pem
    Private Key Path: /etc/letsencrypt/live/accredited.co.in/privkey.pem
2026-03-27 06:43:40,380:DEBUG:certbot._internal.main:certbot version: 2.9.0
2026-03-27 06:43:40,381:DEBUG:certbot._internal.main:Location of certbot entry point: /usr/bin/certbot
2026-03-27 06:43:40,381:DEBUG:certbot._internal.main:Arguments: ['--nginx', '-d', 'accredited.co.in', '-d', 'www.accredited.co.in', '--non-interactive', '--agree-tos', '-m', 'amitjoshi20011@gmail.com', '--keep-until-expiring']
2026-03-27 06:43:40,381:DEBUG:certbot._internal.main:Discovered plugins: PluginsRegistry(PluginEntryPoint#manual,PluginEntryPoint#nginx,PluginEntryPoint#null,PluginEntryPoint#standalone,PluginEntryPoint#webroot)
2026-03-27 06:43:40,440:DEBUG:certbot._internal.log:Root logging level set at 30
2026-03-27 06:43:40,441:DEBUG:certbot._internal.plugins.selection:Requested authenticator nginx and installer nginx
2026-03-27 06:43:40,845:DEBUG:certbot._internal.plugins.selection:Single candidate plugin: * nginx
Description: Nginx Web Server plugin
Interfaces: Authenticator, Installer, Plugin
Entry point: EntryPoint(name='nginx', value='certbot_nginx._internal.configurator:NginxConfigurator', group='certbot.plugins')
Initialized: <certbot_nginx._internal.configurator.NginxConfigurator object at 0x76cea6ecdee0>
Prep: True
2026-03-27 06:43:40,845:DEBUG:certbot._internal.plugins.selection:Selected authenticator <certbot_nginx._internal.configurator.NginxConfigurator object at 0x76cea6ecdee0> and installer <certbot_nginx._internal.configurator.NginxConfigurator object at 0x76cea6ecdee0>
2026-03-27 06:43:40,845:INFO:certbot._internal.plugins.selection:Plugins selected: Authenticator nginx, Installer nginx
2026-03-27 06:43:40,983:DEBUG:certbot._internal.main:Picked account: <Account(RegistrationResource(body=Registration(key=None, contact=(), agreement=None, status=None, terms_of_service_agreed=None, only_return_existing=None, external_account_binding=None), uri='https://acme-v02.api.letsencrypt.org/acme/acct/2889967666', new_authzr_uri=None, terms_of_service=None), 3f20d240b6117a9a90f93992868e4805, Meta(creation_dt=datetime.datetime(2025, 12, 18, 15, 52, 45, tzinfo=<UTC>), creation_host='instance-20251218-1639', register_to_eff=None))>
2026-03-27 06:43:40,984:DEBUG:acme.client:Sending GET request to https://acme-v02.api.letsencrypt.org/directory.
2026-03-27 06:43:40,985:DEBUG:urllib3.connectionpool:Starting new HTTPS connection (1): acme-v02.api.letsencrypt.org:443
2026-03-27 06:43:41,768:DEBUG:urllib3.connectionpool:https://acme-v02.api.letsencrypt.org:443 "GET /directory HTTP/1.1" 200 1033
2026-03-27 06:43:41,768:DEBUG:acme.client:Received response:
HTTP 200
Server: nginx
Date: Fri, 27 Mar 2026 06:43:41 GMT
Content-Type: application/json
Content-Length: 1033
Connection: keep-alive
Cache-Control: public, max-age=0, no-cache
X-Frame-Options: DENY
Strict-Transport-Security: max-age=604800

{
  "2CWkAnjV4CQ": "https://community.letsencrypt.org/t/adding-random-entries-to-the-directory/33417",
  "keyChange": "https://acme-v02.api.letsencrypt.org/acme/key-change",
  "meta": {
    "caaIdentities": [
      "letsencrypt.org"
    ],
    "profiles": {
      "classic": "https://letsencrypt.org/docs/profiles#classic",
      "shortlived": "https://letsencrypt.org/docs/profiles#shortlived",
      "tlsclient": "https://letsencrypt.org/docs/profiles#tlsclient",
      "tlsserver": "https://letsencrypt.org/docs/profiles#tlsserver"
    },
    "termsOfService": "https://letsencrypt.org/documents/LE-SA-v1.6-August-18-2025.pdf",
    "website": "https://letsencrypt.org"
  },
  "newAccount": "https://acme-v02.api.letsencrypt.org/acme/new-acct",
  "newNonce": "https://acme-v02.api.letsencrypt.org/acme/new-nonce",
  "newOrder": "https://acme-v02.api.letsencrypt.org/acme/new-order",
  "renewalInfo": "https://acme-v02.api.letsencrypt.org/acme/renewal-info",
  "revokeCert": "https://acme-v02.api.letsencrypt.org/acme/revoke-cert"
}
2026-03-27 06:43:41,780:DEBUG:certbot._internal.storage:Should renew, less than 30 days before certificate expiry 2026-03-18 16:57:35 UTC.
2026-03-27 06:43:41,780:INFO:certbot._internal.renewal:Certificate is due for renewal, auto-renewing...
2026-03-27 06:43:41,780:DEBUG:certbot._internal.display.obj:Notifying user: Renewing an existing certificate for accredited.co.in and www.accredited.co.in
2026-03-27 06:43:41,785:DEBUG:acme.client:Requesting fresh nonce
2026-03-27 06:43:41,785:DEBUG:acme.client:Sending HEAD request to https://acme-v02.api.letsencrypt.org/acme/new-nonce.
2026-03-27 06:43:42,044:DEBUG:urllib3.connectionpool:https://acme-v02.api.letsencrypt.org:443 "HEAD /acme/new-nonce HTTP/1.1" 200 0
2026-03-27 06:43:42,045:DEBUG:acme.client:Received response:
HTTP 200
Server: nginx
Date: Fri, 27 Mar 2026 06:43:41 GMT
Connection: keep-alive
Cache-Control: public, max-age=0, no-cache
Link: <https://acme-v02.api.letsencrypt.org/directory>;rel="index"
Replay-Nonce: fc9gadHtgrpFevx06CjSedpUeVqKLR3WxHzt8C0Jdsn3DgP02UA
X-Frame-Options: DENY
Strict-Transport-Security: max-age=604800


2026-03-27 06:43:42,045:DEBUG:acme.client:Storing nonce: fc9gadHtgrpFevx06CjSedpUeVqKLR3WxHzt8C0Jdsn3DgP02UA
2026-03-27 06:43:42,045:DEBUG:acme.client:JWS payload:
b'{\n  "identifiers": [\n    {\n      "type": "dns",\n      "value": "accredited.co.in"\n    },\n    {\n      "type": "dns",\n      "value": "www.accredited.co.in"\n    }\n  ]\n}'
2026-03-27 06:43:42,049:DEBUG:acme.client:Sending POST request to https://acme-v02.api.letsencrypt.org/acme/new-order:
{
  "protected": "eyJhbGciOiAiUlMyNTYiLCAia2lkIjogImh0dHBzOi8vYWNtZS12MDIuYXBpLmxldHNlbmNyeXB0Lm9yZy9hY21lL2FjY3QvMjg4OTk2NzY2NiIsICJub25jZSI6ICJmYzlnYWRIdGdycEZldngwNkNqU2VkcFVlVnFLTFIzV3hIenQ4QzBKZHNuM0RnUDAyVUEiLCAidXJsIjogImh0dHBzOi8vYWNtZS12MDIuYXBpLmxldHNlbmNyeXB0Lm9yZy9hY21lL25ldy1vcmRlciJ9",
  "signature": "jPnVmHYyog1BtcZ9rcrGVqxMKFJGuzhzzcCAUZbSDNxQu8g6E29RHPdGAVdqdeyzIITg3bM5QHisDzdbtEOhi0yZ28RAJ8yfSy6JhVCcO8VrE5soeTV3uK6QHMirVoGicc9c24wdHSdOA1YZFIA1vwx7lTNlILdcfwbP89_w74Bh4TBHQB7R3rPiXnyjEuKpmtc05OJ3AF5ygwIx_IWqZTbxRxXkX6-CyBQZ0byH71ZbOPbFtfmapmHXRweRjDkp3DTEvBylUALJpxJexCQ_Vl54vEiyOcF0WgbCDR2z8nQVodvNDXGYOPq1lsxuF1VdtSRnKc_3CVE73djUwyWFrg",
  "payload": "ewogICJpZGVudGlmaWVycyI6IFsKICAgIHsKICAgICAgInR5cGUiOiAiZG5zIiwKICAgICAgInZhbHVlIjogImFjY3JlZGl0ZWQuY28uaW4iCiAgICB9LAogICAgewogICAgICAidHlwZSI6ICJkbnMiLAogICAgICAidmFsdWUiOiAid3d3LmFjY3JlZGl0ZWQuY28uaW4iCiAgICB9CiAgXQp9"
}
2026-03-27 06:43:42,335:DEBUG:urllib3.connectionpool:https://acme-v02.api.letsencrypt.org:443 "POST /acme/new-order HTTP/1.1" 201 501
2026-03-27 06:43:42,335:DEBUG:acme.client:Received response:
HTTP 201
Server: nginx
Date: Fri, 27 Mar 2026 06:43:42 GMT
Content-Type: application/json
Content-Length: 501
Connection: keep-alive
Boulder-Requester: 2889967666
Cache-Control: public, max-age=0, no-cache
Link: <https://acme-v02.api.letsencrypt.org/directory>;rel="index"
Location: https://acme-v02.api.letsencrypt.org/acme/order/2889967666/494035430181
Replay-Nonce: fc9gadHtOWg61YPzkXjISLhphBRheWR5QrM_2GqHw1Yvt92rD0I
X-Frame-Options: DENY
Strict-Transport-Security: max-age=604800

{
  "status": "pending",
  "expires": "2026-04-01T06:26:27Z",
  "identifiers": [
    {
      "type": "dns",
      "value": "accredited.co.in"
    },
    {
      "type": "dns",
      "value": "www.accredited.co.in"
    }
  ],
  "authorizations": [
    "https://acme-v02.api.letsencrypt.org/acme/authz/2889967666/678265222021",
    "https://acme-v02.api.letsencrypt.org/acme/authz/2889967666/678265222291"
  ],
  "finalize": "https://acme-v02.api.letsencrypt.org/acme/finalize/2889967666/494035430181"
}
2026-03-27 06:43:42,336:DEBUG:acme.client:Storing nonce: fc9gadHtOWg61YPzkXjISLhphBRheWR5QrM_2GqHw1Yvt92rD0I
2026-03-27 06:43:42,336:DEBUG:acme.client:JWS payload:
b''
2026-03-27 06:43:42,338:DEBUG:acme.client:Sending POST request to https://acme-v02.api.letsencrypt.org/acme/authz/2889967666/678265222021:
{
  "protected": "eyJhbGciOiAiUlMyNTYiLCAia2lkIjogImh0dHBzOi8vYWNtZS12MDIuYXBpLmxldHNlbmNyeXB0Lm9yZy9hY21lL2FjY3QvMjg4OTk2NzY2NiIsICJub25jZSI6ICJmYzlnYWRIdE9XZzYxWVB6a1hqSVNMaHBoQlJoZVdSNVFyTV8yR3FIdzFZdnQ5MnJEMEkiLCAidXJsIjogImh0dHBzOi8vYWNtZS12MDIuYXBpLmxldHNlbmNyeXB0Lm9yZy9hY21lL2F1dGh6LzI4ODk5Njc2NjYvNjc4MjY1MjIyMDIxIn0",
  "signature": "cK2V5gv7ugU6ZOuv1qpiiSKgR_f0H59kHgg7FzOhql39RNQXr0U04ArXM829sISqQ68nqeb_l8YFaNy61UtUIwzlE8xso_1_OLqXHNRYRF00QMNGQSDMCAfinVa3iCbZQkj_EjB6B0jo-YGqlEG087IINxQhQ_V9AOVkIZ8Ga1dZYoSBi_rR9lQesHXu0Ee2ptlmjRVWb8BVwDl9nOSJwqdrT0_wGcRsQlz8LdVFLAKcLimESFRHqiONvAecW83ufquhwgLIEBgICtZ-668NLNGPW_MSWRuNyKCRIY66gD33_iynQzsA4-_2MoYfY37x94Qr-EBuJDqVffMiT_99Hg",
  "payload": ""
}
2026-03-27 06:43:42,600:DEBUG:urllib3.connectionpool:https://acme-v02.api.letsencrypt.org:443 "POST /acme/authz/2889967666/678265222021 HTTP/1.1" 200 824
2026-03-27 06:43:42,601:DEBUG:acme.client:Received response:
HTTP 200
Server: nginx
Date: Fri, 27 Mar 2026 06:43:42 GMT
Content-Type: application/json
Content-Length: 824
Connection: keep-alive
Boulder-Requester: 2889967666
Cache-Control: public, max-age=0, no-cache
Link: <https://acme-v02.api.letsencrypt.org/directory>;rel="index"
Replay-Nonce: 4v7UBEuY1AFTM44ed1mvmZ74a-TAjD7mY8MOPxnqAb3V_TnbV2M
X-Frame-Options: DENY
Strict-Transport-Security: max-age=604800

{
  "identifier": {
    "type": "dns",
    "value": "accredited.co.in"
  },
  "status": "pending",
  "expires": "2026-04-01T06:26:27Z",
  "challenges": [
    {
      "type": "tls-alpn-01",
      "url": "https://acme-v02.api.letsencrypt.org/acme/chall/2889967666/678265222021/enXD0g",
      "status": "pending",
      "token": "nym_FGwAahf_mVp3LNeLtYz_NfJMIbwO4tsLeU7soMs"
    },
    {
      "type": "dns-01",
      "url": "https://acme-v02.api.letsencrypt.org/acme/chall/2889967666/678265222021/xfo1GA",
      "status": "pending",
      "token": "nym_FGwAahf_mVp3LNeLtYz_NfJMIbwO4tsLeU7soMs"
    },
    {
      "type": "http-01",
      "url": "https://acme-v02.api.letsencrypt.org/acme/chall/2889967666/678265222021/nlHk5g",
      "status": "pending",
      "token": "nym_FGwAahf_mVp3LNeLtYz_NfJMIbwO4tsLeU7soMs"
    }
  ]
}
2026-03-27 06:43:42,601:DEBUG:acme.client:Storing nonce: 4v7UBEuY1AFTM44ed1mvmZ74a-TAjD7mY8MOPxnqAb3V_TnbV2M
2026-03-27 06:43:42,601:DEBUG:acme.client:JWS payload:
b''
2026-03-27 06:43:42,603:DEBUG:acme.client:Sending POST request to https://acme-v02.api.letsencrypt.org/acme/authz/2889967666/678265222291:
{
  "protected": "eyJhbGciOiAiUlMyNTYiLCAia2lkIjogImh0dHBzOi8vYWNtZS12MDIuYXBpLmxldHNlbmNyeXB0Lm9yZy9hY21lL2FjY3QvMjg4OTk2NzY2NiIsICJub25jZSI6ICI0djdVQkV1WTFBRlRNNDRlZDFtdm1aNzRhLVRBakQ3bVk4TU9QeG5xQWIzVl9UbmJWMk0iLCAidXJsIjogImh0dHBzOi8vYWNtZS12MDIuYXBpLmxldHNlbmNyeXB0Lm9yZy9hY21lL2F1dGh6LzI4ODk5Njc2NjYvNjc4MjY1MjIyMjkxIn0",
  "signature": "KVOhUfxvk1XC3u7jDR1wKETuvWnQ0YoGj4WUTrOg3YV5DddIOVhmx3cebQhufKqAURXXaHW6DCJn5DImbEB_ihUwax6i6DZo01r0KPJgZ530WYvYqnyX6BpD2BLdlz1HYTiYfqW6Jj34wVj4z_1YG95h1fchP5LfCtlG7gSRCXfMXBZLEGDauYuMN3vAlKHrTkV7MvLcmVHXuCEOx6GqZGpBdmKMyieKbq4RmR8ZT5dRPve1ATUkXO5yemvQZCUtditOvnPypQ8LSmmpcUYLTy9A7O5f-wifsYVBATQNcL_4NofP32w1DIDgojyIDJ2cKXrSwGva1rVxJDm9s_BsEA",
  "payload": ""
}
2026-03-27 06:43:42,866:DEBUG:urllib3.connectionpool:https://acme-v02.api.letsencrypt.org:443 "POST /acme/authz/2889967666/678265222291 HTTP/1.1" 200 828
2026-03-27 06:43:42,866:DEBUG:acme.client:Received response:
HTTP 200
Server: nginx
Date: Fri, 27 Mar 2026 06:43:42 GMT
Content-Type: application/json
Content-Length: 828
Connection: keep-alive
Boulder-Requester: 2889967666
Cache-Control: public, max-age=0, no-cache
Link: <https://acme-v02.api.letsencrypt.org/directory>;rel="index"
Replay-Nonce: fc9gadHtozkt0S4Nu6z1m-tYOE9dvdfzdRyoJKbZr_9Zr9ss5KY
X-Frame-Options: DENY
Strict-Transport-Security: max-age=604800

{
  "identifier": {
    "type": "dns",
    "value": "www.accredited.co.in"
  },
  "status": "pending",
  "expires": "2026-04-01T06:26:27Z",
  "challenges": [
    {
      "type": "http-01",
      "url": "https://acme-v02.api.letsencrypt.org/acme/chall/2889967666/678265222291/p0K-8Q",
      "status": "pending",
      "token": "8cr49vrTvCI5VDN8Lt0p7DNgMtZKzKxG8nb0QzjM_P8"
    },
    {
      "type": "tls-alpn-01",
      "url": "https://acme-v02.api.letsencrypt.org/acme/chall/2889967666/678265222291/xUFeNw",
      "status": "pending",
      "token": "8cr49vrTvCI5VDN8Lt0p7DNgMtZKzKxG8nb0QzjM_P8"
    },
    {
      "type": "dns-01",
      "url": "https://acme-v02.api.letsencrypt.org/acme/chall/2889967666/678265222291/H4gqHw",
      "status": "pending",
      "token": "8cr49vrTvCI5VDN8Lt0p7DNgMtZKzKxG8nb0QzjM_P8"
    }
  ]
}
2026-03-27 06:43:42,866:DEBUG:acme.client:Storing nonce: fc9gadHtozkt0S4Nu6z1m-tYOE9dvdfzdRyoJKbZr_9Zr9ss5KY
2026-03-27 06:43:42,867:INFO:certbot._internal.auth_handler:Performing the following challenges:
2026-03-27 06:43:42,867:INFO:certbot._internal.auth_handler:http-01 challenge for accredited.co.in
2026-03-27 06:43:42,867:INFO:certbot._internal.auth_handler:http-01 challenge for www.accredited.co.in
2026-03-27 06:43:42,914:DEBUG:certbot_nginx._internal.http_01:Generated server block:
[]
2026-03-27 06:43:42,917:DEBUG:certbot.reverter:Creating backup of /etc/nginx/sites-enabled/accredited
2026-03-27 06:43:42,918:DEBUG:certbot.reverter:Creating backup of /etc/nginx/nginx.conf
2026-03-27 06:43:42,918:DEBUG:certbot.reverter:Creating backup of /etc/nginx/mime.types
2026-03-27 06:43:42,919:DEBUG:certbot_nginx._internal.parser:Writing nginx conf tree to /etc/nginx/nginx.conf:
user www-data;
worker_processes auto;
pid /run/nginx.pid;
error_log /var/log/nginx/error.log;
include /etc/nginx/modules-enabled/*.conf;

events {
	worker_connections 768;
	# multi_accept on;
}

http {
server_names_hash_bucket_size 128;
include /etc/letsencrypt/le_http_01_cert_challenge.conf;

	##
	# Basic Settings
	##

	sendfile on;
	tcp_nopush on;
	types_hash_max_size 2048;
	# server_tokens off;

	# server_names_hash_bucket_size 64;
	# server_name_in_redirect off;

	include /etc/nginx/mime.types;
	default_type application/octet-stream;

	##
	# SSL Settings
	##

	ssl_protocols TLSv1 TLSv1.1 TLSv1.2 TLSv1.3; # Dropping SSLv3, ref: POODLE
	ssl_prefer_server_ciphers on;

	##
	# Logging Settings
	##

	access_log /var/log/nginx/access.log;

	##
	# Gzip Settings
	##

	gzip on;

	# gzip_vary on;
	# gzip_proxied any;
	# gzip_comp_level 6;
	# gzip_buffers 16 8k;
	# gzip_http_version 1.1;
	# gzip_types text/plain text/css application/json application/javascript text/xml application/xml application/xml+rss text/javascript;

	##
	# Virtual Host Configs
	##

	include /etc/nginx/conf.d/*.conf;
	include /etc/nginx/sites-enabled/*;
}


#mail {
#	# See sample authentication script at:
#	# http://wiki.nginx.org/ImapAuthenticateWithApachePhpScript
#
#	# auth_http localhost/auth.php;
#	# pop3_capabilities "TOP" "USER";
#	# imap_capabilities "IMAP4rev1" "UIDPLUS";
#
#	server {
#		listen     localhost:110;
#		protocol   pop3;
#		proxy      on;
#	}
#
#	server {
#		listen     localhost:143;
#		protocol   imap;
#		proxy      on;
#	}
#}

2026-03-27 06:43:42,921:DEBUG:certbot_nginx._internal.parser:Writing nginx conf tree to /etc/nginx/sites-enabled/accredited:
# Nginx Configuration for Accredited Website
# Place in /etc/nginx/sites-available/accredited

server {rewrite ^(/.well-known/acme-challenge/.*) $1 break; # managed by Certbot

rewrite ^(/.well-known/acme-challenge/.*) $1 break; # managed by Certbot


    listen 80;
    server_name accredited.co.in www.accredited.co.in;
    
    # Redirect HTTP to HTTPS
    return 301 https://$server_name$request_uri;
location = /.well-known/acme-challenge/nym_FGwAahf_mVp3LNeLtYz_NfJMIbwO4tsLeU7soMs{default_type text/plain;return 200 nym_FGwAahf_mVp3LNeLtYz_NfJMIbwO4tsLeU7soMs.QVhmnIb6RRy9HG4McF_83X4kdgDzrITa2FMSLJAshMw;} # managed by Certbot

location = /.well-known/acme-challenge/8cr49vrTvCI5VDN8Lt0p7DNgMtZKzKxG8nb0QzjM_P8{default_type text/plain;return 200 8cr49vrTvCI5VDN8Lt0p7DNgMtZKzKxG8nb0QzjM_P8.QVhmnIb6RRy9HG4McF_83X4kdgDzrITa2FMSLJAshMw;} # managed by Certbot

}

server {rewrite ^(/.well-known/acme-challenge/.*) $1 break; # managed by Certbot

rewrite ^(/.well-known/acme-challenge/.*) $1 break; # managed by Certbot


    listen 443 ssl http2;
    server_name accredited.co.in www.accredited.co.in;

    # SSL Configuration (Let's Encrypt)
    ssl_certificate /etc/letsencrypt/live/accredited.co.in/fullchain.pem;
    ssl_certificate_key /etc/letsencrypt/live/accredited.co.in/privkey.pem;
    ssl_protocols TLSv1.2 TLSv1.3;
    ssl_ciphers ECDHE-ECDSA-AES128-GCM-SHA256:ECDHE-RSA-AES128-GCM-SHA256:ECDHE-ECDSA-AES256-GCM-SHA384:ECDHE-RSA-AES256-GCM-SHA384;
    ssl_prefer_server_ciphers off;
    ssl_session_cache shared:SSL:10m;
    ssl_session_timeout 1d;

    # Document root
    root /var/www/accredited;
    index index.php index.html;

    # Logging
    access_log /var/log/nginx/accredited_access.log;
    error_log /var/log/nginx/accredited_error.log;

    # Security headers
    add_header X-Frame-Options "SAMEORIGIN" always;
    add_header X-Content-Type-Options "nosniff" always;
    add_header X-XSS-Protection "1; mode=block" always;
    add_header Referrer-Policy "strict-origin-when-cross-origin" always;
    add_header Content-Security-Policy "default-src 'self'; connect-src 'self' https://cdn.jsdelivr.net https://fonts.googleapis.com https://fonts.gstatic.com; script-src 'self' 'unsafe-inline' 'unsafe-eval' https://cdn.jsdelivr.net; style-src 'self' 'unsafe-inline' https://cdn.jsdelivr.net https://fonts.googleapis.com; font-src 'self' https://cdn.jsdelivr.net https://fonts.gstatic.com; img-src 'self' data:; frame-src 'self' https://www.google.com; frame-ancestors 'self';" always;

    # Gzip compression
    gzip on;
    gzip_vary on;
    gzip_min_length 1024;
    gzip_proxied any;
    gzip_types text/plain text/css text/xml text/javascript application/x-javascript application/javascript application/xml application/json;

    # Static files caching
    location ~* \.(jpg|jpeg|png|gif|ico|svg|webp|woff|woff2|ttf|eot|css|js)$ {
        expires 1y;
        add_header Cache-Control "public, immutable";
        access_log off;
    }

    # Block sensitive directories
    location ~ ^/(includes|database|deployment)/ {
        deny all;
        return 404;
    }

    # Block sensitive files
    location ~ \.(sql|log|ini|env|key|md)$ {
        deny all;
        return 404;
    }

    # Block .htaccess and hidden files
    location ~ /\. {
        deny all;
        return 404;
    }

    # PHP handling
    location ~ \.php$ {
        try_files $uri =404;
        fastcgi_split_path_info ^(.+\.php)(/.+)$;
        fastcgi_pass unix:/run/php/php8.3-fpm.sock;
        fastcgi_index index.php;
        fastcgi_param SCRIPT_FILENAME $document_root$fastcgi_script_name;
        include fastcgi_params;
        
        # FastCGI buffering
        fastcgi_buffer_size 128k;
        fastcgi_buffers 4 256k;
        fastcgi_busy_buffers_size 256k;
    }

    # Main location
    location / {
        try_files $uri $uri/ /index.php?$query_string;
    }
location = /.well-known/acme-challenge/nym_FGwAahf_mVp3LNeLtYz_NfJMIbwO4tsLeU7soMs{default_type text/plain;return 200 nym_FGwAahf_mVp3LNeLtYz_NfJMIbwO4tsLeU7soMs.QVhmnIb6RRy9HG4McF_83X4kdgDzrITa2FMSLJAshMw;} # managed by Certbot

location = /.well-known/acme-challenge/8cr49vrTvCI5VDN8Lt0p7DNgMtZKzKxG8nb0QzjM_P8{default_type text/plain;return 200 8cr49vrTvCI5VDN8Lt0p7DNgMtZKzKxG8nb0QzjM_P8.QVhmnIb6RRy9HG4McF_83X4kdgDzrITa2FMSLJAshMw;} # managed by Certbot

}

2026-03-27 06:43:43,945:DEBUG:acme.client:JWS payload:
b'{}'
2026-03-27 06:43:43,947:DEBUG:acme.client:Sending POST request to https://acme-v02.api.letsencrypt.org/acme/chall/2889967666/678265222021/nlHk5g:
{
  "protected": "eyJhbGciOiAiUlMyNTYiLCAia2lkIjogImh0dHBzOi8vYWNtZS12MDIuYXBpLmxldHNlbmNyeXB0Lm9yZy9hY21lL2FjY3QvMjg4OTk2NzY2NiIsICJub25jZSI6ICJmYzlnYWRIdG96a3QwUzROdTZ6MW0tdFlPRTlkdmRmemRSeW9KS2Jacl85WnI5c3M1S1kiLCAidXJsIjogImh0dHBzOi8vYWNtZS12MDIuYXBpLmxldHNlbmNyeXB0Lm9yZy9hY21lL2NoYWxsLzI4ODk5Njc2NjYvNjc4MjY1MjIyMDIxL25sSGs1ZyJ9",
  "signature": "jLylLnM6bb_pIkdbj4I1k5ol8wp0n-kmucXQnqusVoXQcUNBCSwPhbRf1m91amaZxiJPuAAln5CGSmNTAoMeSDq0eBgP7y5lSZU01uX97CDV5DduKdbkbqK1l2yEbkdtNuEy-s6oA_YCDXIjsEEt2DjBmwYepoVqb4kR4Gko6zG27-tFecFzUMtOpsE19h-fwrxfshbpQ0EXbjQciqZUYbKZKCg67ZRQuk62AvmwHJ9VidmX5gdf3aAGfS1IDh381z1n_7B4ucoSOYcuAqHXTFFIPPPLIMDYYDmpI8A4G2VueOrOrrNDzdRXWlBvehimz4Qnfii1mvIY_AYGlW8Mxg",
  "payload": "e30"
}
2026-03-27 06:43:44,210:DEBUG:urllib3.connectionpool:https://acme-v02.api.letsencrypt.org:443 "POST /acme/chall/2889967666/678265222021/nlHk5g HTTP/1.1" 200 195
2026-03-27 06:43:44,210:DEBUG:acme.client:Received response:
HTTP 200
Server: nginx
Date: Fri, 27 Mar 2026 06:43:44 GMT
Content-Type: application/json
Content-Length: 195
Connection: keep-alive
Boulder-Requester: 2889967666
Cache-Control: public, max-age=0, no-cache
Link: <https://acme-v02.api.letsencrypt.org/directory>;rel="index", <https://acme-v02.api.letsencrypt.org/acme/authz/2889967666/678265222021>;rel="up"
Location: https://acme-v02.api.letsencrypt.org/acme/chall/2889967666/678265222021/nlHk5g
Replay-Nonce: 4v7UBEuYWrKKeBa5zgCB3Px_wlhqM-lmMY-qfKxlBdAPlc6kYdA
X-Frame-Options: DENY
Strict-Transport-Security: max-age=604800

{
  "type": "http-01",
  "url": "https://acme-v02.api.letsencrypt.org/acme/chall/2889967666/678265222021/nlHk5g",
  "status": "pending",
  "token": "nym_FGwAahf_mVp3LNeLtYz_NfJMIbwO4tsLeU7soMs"
}
2026-03-27 06:43:44,211:DEBUG:acme.client:Storing nonce: 4v7UBEuYWrKKeBa5zgCB3Px_wlhqM-lmMY-qfKxlBdAPlc6kYdA
2026-03-27 06:43:44,211:DEBUG:acme.client:JWS payload:
b'{}'
2026-03-27 06:43:44,213:DEBUG:acme.client:Sending POST request to https://acme-v02.api.letsencrypt.org/acme/chall/2889967666/678265222291/p0K-8Q:
{
  "protected": "eyJhbGciOiAiUlMyNTYiLCAia2lkIjogImh0dHBzOi8vYWNtZS12MDIuYXBpLmxldHNlbmNyeXB0Lm9yZy9hY21lL2FjY3QvMjg4OTk2NzY2NiIsICJub25jZSI6ICI0djdVQkV1WVdyS0tlQmE1emdDQjNQeF93bGhxTS1sbU1ZLXFmS3hsQmRBUGxjNmtZZEEiLCAidXJsIjogImh0dHBzOi8vYWNtZS12MDIuYXBpLmxldHNlbmNyeXB0Lm9yZy9hY21lL2NoYWxsLzI4ODk5Njc2NjYvNjc4MjY1MjIyMjkxL3AwSy04USJ9",
  "signature": "jwzsLZiVprKqnN0rKTZuU-b1uzAKglfsuHsFrOhGxZO66C2stapSJK1P_A3phQfODxxLJm7Er44Qbpjzm554d1NOWWncw3NaXYMGT2HQwxb1iAMIRNReFT6_kazPnv-Ms8n5RFVq0tQynRrgwoHchIIFz2YGbE4UcQmmCSAER7VhkD6QDg4K2HWpG6bHioMKh7zVXQNPHgmfYcXESpnALVMSnN2lW9lNwsQT7AElXcpbhKOOECU8wYnZlQa_RWXOH9r_zNEb7xGfQ4Brp6CRazykV5bZWDg5QO8sI8ihkx8WDiLjsgcUKKAkOx7N760vWqXTqwyDvv-2LnL4T9kNSw",
  "payload": "e30"
}
2026-03-27 06:43:44,625:DEBUG:urllib3.connectionpool:https://acme-v02.api.letsencrypt.org:443 "POST /acme/chall/2889967666/678265222291/p0K-8Q HTTP/1.1" 200 195
2026-03-27 06:43:44,625:DEBUG:acme.client:Received response:
HTTP 200
Server: nginx
Date: Fri, 27 Mar 2026 06:43:44 GMT
Content-Type: application/json
Content-Length: 195
Connection: keep-alive
Boulder-Requester: 2889967666
Cache-Control: public, max-age=0, no-cache
Link: <https://acme-v02.api.letsencrypt.org/directory>;rel="index", <https://acme-v02.api.letsencrypt.org/acme/authz/2889967666/678265222291>;rel="up"
Location: https://acme-v02.api.letsencrypt.org/acme/chall/2889967666/678265222291/p0K-8Q
Replay-Nonce: fc9gadHtgVXyZxkOanLIJcW8W50QMIyVENhR_plgYHRpjRaS2Wc
X-Frame-Options: DENY
Strict-Transport-Security: max-age=604800

{
  "type": "http-01",
  "url": "https://acme-v02.api.letsencrypt.org/acme/chall/2889967666/678265222291/p0K-8Q",
  "status": "pending",
  "token": "8cr49vrTvCI5VDN8Lt0p7DNgMtZKzKxG8nb0QzjM_P8"
}
2026-03-27 06:43:44,626:DEBUG:acme.client:Storing nonce: fc9gadHtgVXyZxkOanLIJcW8W50QMIyVENhR_plgYHRpjRaS2Wc
2026-03-27 06:43:44,626:INFO:certbot._internal.auth_handler:Waiting for verification...
2026-03-27 06:43:45,626:DEBUG:acme.client:JWS payload:
b''
2026-03-27 06:43:45,628:DEBUG:acme.client:Sending POST request to https://acme-v02.api.letsencrypt.org/acme/authz/2889967666/678265222021:
{
  "protected": "eyJhbGciOiAiUlMyNTYiLCAia2lkIjogImh0dHBzOi8vYWNtZS12MDIuYXBpLmxldHNlbmNyeXB0Lm9yZy9hY21lL2FjY3QvMjg4OTk2NzY2NiIsICJub25jZSI6ICJmYzlnYWRIdGdWWHlaeGtPYW5MSUpjVzhXNTBRTUl5VkVOaFJfcGxnWUhScGpSYVMyV2MiLCAidXJsIjogImh0dHBzOi8vYWNtZS12MDIuYXBpLmxldHNlbmNyeXB0Lm9yZy9hY21lL2F1dGh6LzI4ODk5Njc2NjYvNjc4MjY1MjIyMDIxIn0",
  "signature": "CNzHveADgJmyJ-yw5W1oOeqpv2tnZHHq6RHEhAttwh78P3VUZFG1Ywi05aDSsv2JA7Dx8S_XMjpB3mGB7X_m8BbqiN3DRS2O-rywRFf7zFHiKci4S35l-yvsBleOS7N8hJdQYKRZjKFyUQrNzkbLGoSX2qJcaWhzdTo2-18Z6dKmPMZIGV62WDWb5aB38JkQ-wQx0C6tG5GYc2jC-nVFXi_R1TmOssdKEpBi_harH96Rnq88tFDfPcCW8mFkGUVBlFUzznaxLUQJOkFq4ubLxEcaykOVk1pQGzhSgOPeqZUjHgkSTvOdsNiCPcv1rIgZISeLDc7xN8n1zR5r_kHPqg",
  "payload": ""
}
2026-03-27 06:43:45,889:DEBUG:urllib3.connectionpool:https://acme-v02.api.letsencrypt.org:443 "POST /acme/authz/2889967666/678265222021 HTTP/1.1" 200 824
2026-03-27 06:43:45,890:DEBUG:acme.client:Received response:
HTTP 200
Server: nginx
Date: Fri, 27 Mar 2026 06:43:45 GMT
Content-Type: application/json
Content-Length: 824
Connection: keep-alive
Boulder-Requester: 2889967666
Cache-Control: public, max-age=0, no-cache
Link: <https://acme-v02.api.letsencrypt.org/directory>;rel="index"
Replay-Nonce: 4v7UBEuYrvAQsdpi-sLETlBsOp1-zT_jppO2-RxE1dN5lszn9mY
X-Frame-Options: DENY
Strict-Transport-Security: max-age=604800

{
  "identifier": {
    "type": "dns",
    "value": "accredited.co.in"
  },
  "status": "pending",
  "expires": "2026-04-01T06:26:27Z",
  "challenges": [
    {
      "type": "http-01",
      "url": "https://acme-v02.api.letsencrypt.org/acme/chall/2889967666/678265222021/nlHk5g",
      "status": "pending",
      "token": "nym_FGwAahf_mVp3LNeLtYz_NfJMIbwO4tsLeU7soMs"
    },
    {
      "type": "dns-01",
      "url": "https://acme-v02.api.letsencrypt.org/acme/chall/2889967666/678265222021/xfo1GA",
      "status": "pending",
      "token": "nym_FGwAahf_mVp3LNeLtYz_NfJMIbwO4tsLeU7soMs"
    },
    {
      "type": "tls-alpn-01",
      "url": "https://acme-v02.api.letsencrypt.org/acme/chall/2889967666/678265222021/enXD0g",
      "status": "pending",
      "token": "nym_FGwAahf_mVp3LNeLtYz_NfJMIbwO4tsLeU7soMs"
    }
  ]
}
2026-03-27 06:43:45,890:DEBUG:acme.client:Storing nonce: 4v7UBEuYrvAQsdpi-sLETlBsOp1-zT_jppO2-RxE1dN5lszn9mY
2026-03-27 06:43:45,890:DEBUG:acme.client:JWS payload:
b''
2026-03-27 06:43:45,892:DEBUG:acme.client:Sending POST request to https://acme-v02.api.letsencrypt.org/acme/authz/2889967666/678265222291:
{
  "protected": "eyJhbGciOiAiUlMyNTYiLCAia2lkIjogImh0dHBzOi8vYWNtZS12MDIuYXBpLmxldHNlbmNyeXB0Lm9yZy9hY21lL2FjY3QvMjg4OTk2NzY2NiIsICJub25jZSI6ICI0djdVQkV1WXJ2QVFzZHBpLXNMRVRsQnNPcDEtelRfanBwTzItUnhFMWRONWxzem45bVkiLCAidXJsIjogImh0dHBzOi8vYWNtZS12MDIuYXBpLmxldHNlbmNyeXB0Lm9yZy9hY21lL2F1dGh6LzI4ODk5Njc2NjYvNjc4MjY1MjIyMjkxIn0",
  "signature": "qC7dX7JKFg-jv6555bzYGZN-OvId3KYuGZb0sv_SwOF0208qmFxbQIG29dSz5sv3eh8iYjJsoMJ2CHX-krocIldHprcGrBP_KRwr6612whmVEO_-FavoJuX96AJJExL09lO3ynv17eut6AAIEY4hY9nSLeeTSlTDHgMU0_iml-uUtQsC4LIY8TeeEXW_AHp9esjR4-hcubtYyLBS8HIFff_BftVv0wfEONHtv4wygoWXILtxoOh391WmbekEBaxWrSsPv1dhCnXpao353PD3IxK_lxhHVPwRBoCJJ7MF8MiWC8KN6LgFmOgxtbPcQXkLaQArC9a7um3EuLJkFAkz_w",
  "payload": ""
}
2026-03-27 06:43:46,153:DEBUG:urllib3.connectionpool:https://acme-v02.api.letsencrypt.org:443 "POST /acme/authz/2889967666/678265222291 HTTP/1.1" 200 828
2026-03-27 06:43:46,154:DEBUG:acme.client:Received response:
HTTP 200
Server: nginx
Date: Fri, 27 Mar 2026 06:43:46 GMT
Content-Type: application/json
Content-Length: 828
Connection: keep-alive
Boulder-Requester: 2889967666
Cache-Control: public, max-age=0, no-cache
Link: <https://acme-v02.api.letsencrypt.org/directory>;rel="index"
Replay-Nonce: 4v7UBEuYyu3DGv_h8iAtRtPlHYeIs5xIy-SXiQAMEHvUKtzRFZ0
X-Frame-Options: DENY
Strict-Transport-Security: max-age=604800

{
  "identifier": {
    "type": "dns",
    "value": "www.accredited.co.in"
  },
  "status": "pending",
  "expires": "2026-04-01T06:26:27Z",
  "challenges": [
    {
      "type": "tls-alpn-01",
      "url": "https://acme-v02.api.letsencrypt.org/acme/chall/2889967666/678265222291/xUFeNw",
      "status": "pending",
      "token": "8cr49vrTvCI5VDN8Lt0p7DNgMtZKzKxG8nb0QzjM_P8"
    },
    {
      "type": "http-01",
      "url": "https://acme-v02.api.letsencrypt.org/acme/chall/2889967666/678265222291/p0K-8Q",
      "status": "pending",
      "token": "8cr49vrTvCI5VDN8Lt0p7DNgMtZKzKxG8nb0QzjM_P8"
    },
    {
      "type": "dns-01",
      "url": "https://acme-v02.api.letsencrypt.org/acme/chall/2889967666/678265222291/H4gqHw",
      "status": "pending",
      "token": "8cr49vrTvCI5VDN8Lt0p7DNgMtZKzKxG8nb0QzjM_P8"
    }
  ]
}
2026-03-27 06:43:46,154:DEBUG:acme.client:Storing nonce: 4v7UBEuYyu3DGv_h8iAtRtPlHYeIs5xIy-SXiQAMEHvUKtzRFZ0
2026-03-27 06:43:49,154:DEBUG:acme.client:JWS payload:
b''
2026-03-27 06:43:49,156:DEBUG:acme.client:Sending POST request to https://acme-v02.api.letsencrypt.org/acme/authz/2889967666/678265222021:
{
  "protected": "eyJhbGciOiAiUlMyNTYiLCAia2lkIjogImh0dHBzOi8vYWNtZS12MDIuYXBpLmxldHNlbmNyeXB0Lm9yZy9hY21lL2FjY3QvMjg4OTk2NzY2NiIsICJub25jZSI6ICI0djdVQkV1WXl1M0RHdl9oOGlBdFJ0UGxIWWVJczV4SXktU1hpUUFNRUh2VUt0elJGWjAiLCAidXJsIjogImh0dHBzOi8vYWNtZS12MDIuYXBpLmxldHNlbmNyeXB0Lm9yZy9hY21lL2F1dGh6LzI4ODk5Njc2NjYvNjc4MjY1MjIyMDIxIn0",
  "signature": "euKgiAPktlLiL2f5MtBLterPiPAA9DHW4XvuEMAnbk4Y_8p-zSA5iiHW7vg10B00O40pDVv-Cap7PXvF34F5bRvAfN4sVI998Udaz6D2jYQshNq6WXq3g270VUaNq-QQIgMqxQ1DuKeUfICA9dsPa2SFlBN5mQxxhZWe0RqG1DWsJ-pOuX3u9aCQ4hHOFzDxsVi2_8FD4yVDcXzaAvr5qXoiORsLwP_okUq1aQZfQ2Oxy0OyEbFfDz1slengUoj20KTjG7XNXIa5vLaTRCQ4ExNo-JJrdfiq3AWgwCH-pWdVS2wotwzm8kuma1YENNMn808tnSQarevi_POY2YgyZA",
  "payload": ""
}
2026-03-27 06:43:49,431:DEBUG:urllib3.connectionpool:https://acme-v02.api.letsencrypt.org:443 "POST /acme/authz/2889967666/678265222021 HTTP/1.1" 200 824
2026-03-27 06:43:49,432:DEBUG:acme.client:Received response:
HTTP 200
Server: nginx
Date: Fri, 27 Mar 2026 06:43:49 GMT
Content-Type: application/json
Content-Length: 824
Connection: keep-alive
Boulder-Requester: 2889967666
Cache-Control: public, max-age=0, no-cache
Link: <https://acme-v02.api.letsencrypt.org/directory>;rel="index"
Replay-Nonce: 4v7UBEuYlhQotv0Of8Umy7MeqytcYMT5ffN9PfMAkw5RTXIEXdg
X-Frame-Options: DENY
Strict-Transport-Security: max-age=604800

{
  "identifier": {
    "type": "dns",
    "value": "accredited.co.in"
  },
  "status": "pending",
  "expires": "2026-04-01T06:26:27Z",
  "challenges": [
    {
      "type": "dns-01",
      "url": "https://acme-v02.api.letsencrypt.org/acme/chall/2889967666/678265222021/xfo1GA",
      "status": "pending",
      "token": "nym_FGwAahf_mVp3LNeLtYz_NfJMIbwO4tsLeU7soMs"
    },
    {
      "type": "http-01",
      "url": "https://acme-v02.api.letsencrypt.org/acme/chall/2889967666/678265222021/nlHk5g",
      "status": "pending",
      "token": "nym_FGwAahf_mVp3LNeLtYz_NfJMIbwO4tsLeU7soMs"
    },
    {
      "type": "tls-alpn-01",
      "url": "https://acme-v02.api.letsencrypt.org/acme/chall/2889967666/678265222021/enXD0g",
      "status": "pending",
      "token": "nym_FGwAahf_mVp3LNeLtYz_NfJMIbwO4tsLeU7soMs"
    }
  ]
}
2026-03-27 06:43:49,432:DEBUG:acme.client:Storing nonce: 4v7UBEuYlhQotv0Of8Umy7MeqytcYMT5ffN9PfMAkw5RTXIEXdg
2026-03-27 06:43:49,432:DEBUG:acme.client:JWS payload:
b''
2026-03-27 06:43:49,434:DEBUG:acme.client:Sending POST request to https://acme-v02.api.letsencrypt.org/acme/authz/2889967666/678265222291:
{
  "protected": "eyJhbGciOiAiUlMyNTYiLCAia2lkIjogImh0dHBzOi8vYWNtZS12MDIuYXBpLmxldHNlbmNyeXB0Lm9yZy9hY21lL2FjY3QvMjg4OTk2NzY2NiIsICJub25jZSI6ICI0djdVQkV1WWxoUW90djBPZjhVbXk3TWVxeXRjWU1UNWZmTjlQZk1Ba3c1UlRYSUVYZGciLCAidXJsIjogImh0dHBzOi8vYWNtZS12MDIuYXBpLmxldHNlbmNyeXB0Lm9yZy9hY21lL2F1dGh6LzI4ODk5Njc2NjYvNjc4MjY1MjIyMjkxIn0",
  "signature": "krmIO2swUcfV6zWfToHfE5YztmGGp4W8n2LFqCpnVpnb4Gy-SFl_f5CaPhLHMT0wnewfrhzXHU91jNFur4mBWMYt5vdi-J6kPsG9923yZe9l7mLVHbIVNllIWGYbiOcb40SI0hFhu_M7hV9GL7dgzwkvWSdzY-W_nf2G_E46YgZl48XhJBQWO6avymGE-JnyDZrojNLBu-Dd3vWeVmHEMd4YsS6FbZHsJwZgJT1h8ogJHIr1Ro3Al-dIahi4k5R-YHK7pjSfIxNdv2Qp_Wx2IxL4vhV5fxrve2KXPQgtCZkl-zSO4nkh6GzySwXxFwF81FfxQn9Z2pZZ1-nHifNmXQ",
  "payload": ""
}
2026-03-27 06:43:49,696:DEBUG:urllib3.connectionpool:https://acme-v02.api.letsencrypt.org:443 "POST /acme/authz/2889967666/678265222291 HTTP/1.1" 200 1001
2026-03-27 06:43:49,696:DEBUG:acme.client:Received response:
HTTP 200
Server: nginx
Date: Fri, 27 Mar 2026 06:43:49 GMT
Content-Type: application/json
Content-Length: 1001
Connection: keep-alive
Boulder-Requester: 2889967666
Cache-Control: public, max-age=0, no-cache
Link: <https://acme-v02.api.letsencrypt.org/directory>;rel="index"
Replay-Nonce: fc9gadHtGFHGoCypVhAQajlQgIWxuiN107lDVXf694AoRLNj1B4
X-Frame-Options: DENY
Strict-Transport-Security: max-age=604800

{
  "identifier": {
    "type": "dns",
    "value": "www.accredited.co.in"
  },
  "status": "invalid",
  "expires": "2026-04-01T06:26:27Z",
  "challenges": [
    {
      "type": "http-01",
      "url": "https://acme-v02.api.letsencrypt.org/acme/chall/2889967666/678265222291/p0K-8Q",
      "status": "invalid",
      "validated": "2026-03-27T06:43:44Z",
      "error": {
        "type": "urn:ietf:params:acme:error:caa",
        "detail": "While processing CAA for www.accredited.co.in: CAA record for accredited.co.in prevents issuance",
        "status": 403
      },
      "token": "8cr49vrTvCI5VDN8Lt0p7DNgMtZKzKxG8nb0QzjM_P8",
      "validationRecord": [
        {
          "url": "http://www.accredited.co.in/.well-known/acme-challenge/8cr49vrTvCI5VDN8Lt0p7DNgMtZKzKxG8nb0QzjM_P8",
          "hostname": "www.accredited.co.in",
          "port": "80",
          "addressesResolved": [
            "68.233.112.2"
          ],
          "addressUsed": "68.233.112.2"
        }
      ]
    }
  ]
}
2026-03-27 06:43:49,696:DEBUG:acme.client:Storing nonce: fc9gadHtGFHGoCypVhAQajlQgIWxuiN107lDVXf694AoRLNj1B4
2026-03-27 06:43:49,697:INFO:certbot._internal.auth_handler:Challenge failed for domain www.accredited.co.in
2026-03-27 06:43:52,697:DEBUG:acme.client:JWS payload:
b''
2026-03-27 06:43:52,699:DEBUG:acme.client:Sending POST request to https://acme-v02.api.letsencrypt.org/acme/authz/2889967666/678265222021:
{
  "protected": "eyJhbGciOiAiUlMyNTYiLCAia2lkIjogImh0dHBzOi8vYWNtZS12MDIuYXBpLmxldHNlbmNyeXB0Lm9yZy9hY21lL2FjY3QvMjg4OTk2NzY2NiIsICJub25jZSI6ICJmYzlnYWRIdEdGSEdvQ3lwVmhBUWFqbFFnSVd4dWlOMTA3bERWWGY2OTRBb1JMTmoxQjQiLCAidXJsIjogImh0dHBzOi8vYWNtZS12MDIuYXBpLmxldHNlbmNyeXB0Lm9yZy9hY21lL2F1dGh6LzI4ODk5Njc2NjYvNjc4MjY1MjIyMDIxIn0",
  "signature": "hUM5KPmXf41WPLPQyFzaKgXSLPRKKKinYurXvoT8PsnBjySNBN_211s2ksF-M3nv4Cu7xbFxV6GKngisRnDvtihsnctvY4kw6F1DX6wyr6taFNnlyauc4RbAJfjg1uiWdXiCJ6SbdRdgx6dhl-uJvpGM7NvAT2au2tkAWX1RqnjPm6kJJvEjfKYXhk7B4gDEgb2nxjo2AjVJ45YN-SUXNRbdSsBFEPyCNOzMYxAuNqxQaqJa7MUm3chMmQxWm1wmvGyTM5VToyz7c3ZJbiYQkEh25t7UKJwPRR3fSNOVJkJIY0dDLW0x6bkHZJTOL3p4f2u1Jj9F0IyqOxyYaCtvEA",
  "payload": ""
}
2026-03-27 06:43:52,961:DEBUG:urllib3.connectionpool:https://acme-v02.api.letsencrypt.org:443 "POST /acme/authz/2889967666/678265222021 HTTP/1.1" 200 824
2026-03-27 06:43:52,962:DEBUG:acme.client:Received response:
HTTP 200
Server: nginx
Date: Fri, 27 Mar 2026 06:43:52 GMT
Content-Type: application/json
Content-Length: 824
Connection: keep-alive
Boulder-Requester: 2889967666
Cache-Control: public, max-age=0, no-cache
Link: <https://acme-v02.api.letsencrypt.org/directory>;rel="index"
Replay-Nonce: 4v7UBEuYcfJGi6wKEzfX7ABxIqkTPb_4ZwF-zMGRWI5B-JJPG0k
X-Frame-Options: DENY
Strict-Transport-Security: max-age=604800

{
  "identifier": {
    "type": "dns",
    "value": "accredited.co.in"
  },
  "status": "pending",
  "expires": "2026-04-01T06:26:27Z",
  "challenges": [
    {
      "type": "http-01",
      "url": "https://acme-v02.api.letsencrypt.org/acme/chall/2889967666/678265222021/nlHk5g",
      "status": "pending",
      "token": "nym_FGwAahf_mVp3LNeLtYz_NfJMIbwO4tsLeU7soMs"
    },
    {
      "type": "dns-01",
      "url": "https://acme-v02.api.letsencrypt.org/acme/chall/2889967666/678265222021/xfo1GA",
      "status": "pending",
      "token": "nym_FGwAahf_mVp3LNeLtYz_NfJMIbwO4tsLeU7soMs"
    },
    {
      "type": "tls-alpn-01",
      "url": "https://acme-v02.api.letsencrypt.org/acme/chall/2889967666/678265222021/enXD0g",
      "status": "pending",
      "token": "nym_FGwAahf_mVp3LNeLtYz_NfJMIbwO4tsLeU7soMs"
    }
  ]
}
2026-03-27 06:43:52,962:DEBUG:acme.client:Storing nonce: 4v7UBEuYcfJGi6wKEzfX7ABxIqkTPb_4ZwF-zMGRWI5B-JJPG0k
2026-03-27 06:43:55,962:DEBUG:acme.client:JWS payload:
b''
2026-03-27 06:43:55,964:DEBUG:acme.client:Sending POST request to https://acme-v02.api.letsencrypt.org/acme/authz/2889967666/678265222021:
{
  "protected": "eyJhbGciOiAiUlMyNTYiLCAia2lkIjogImh0dHBzOi8vYWNtZS12MDIuYXBpLmxldHNlbmNyeXB0Lm9yZy9hY21lL2FjY3QvMjg4OTk2NzY2NiIsICJub25jZSI6ICI0djdVQkV1WWNmSkdpNndLRXpmWDdBQnhJcWtUUGJfNFp3Ri16TUdSV0k1Qi1KSlBHMGsiLCAidXJsIjogImh0dHBzOi8vYWNtZS12MDIuYXBpLmxldHNlbmNyeXB0Lm9yZy9hY21lL2F1dGh6LzI4ODk5Njc2NjYvNjc4MjY1MjIyMDIxIn0",
  "signature": "DWMpstYBiTarrObvV5TYBiuvmcLx9-Tea_u9VZCwVMsjWKzHnP_QAyd3YEYRilLRiDMxHEmeoBvF8eWGojodjl7L9ZEzIfHIFCGrO3GD7et9MgmOUapPfG-g5okoBfdwsbHIyZIbRGEDtfXeBjFEy20I7NyAos2bAWvnMQhhwwzVf2bBq1WwJmmQavjetHVOF4B0hoDIbiAW7pQyL0jZLXD2cScd94oWfk9E6_DFkTxXwAeeblcUq39ZUm2xmYgzMkolrtKlyF-xNCJhQWcNRbH_uhAHDeckyPZhcX_TJ-OCPTaDJ_-Bd6bWpKrroVE6CbWWmUK1tuyUA1E5Omiejg",
  "payload": ""
}
2026-03-27 06:43:56,227:DEBUG:urllib3.connectionpool:https://acme-v02.api.letsencrypt.org:443 "POST /acme/authz/2889967666/678265222021 HTTP/1.1" 200 824
2026-03-27 06:43:56,227:DEBUG:acme.client:Received response:
HTTP 200
Server: nginx
Date: Fri, 27 Mar 2026 06:43:56 GMT
Content-Type: application/json
Content-Length: 824
Connection: keep-alive
Boulder-Requester: 2889967666
Cache-Control: public, max-age=0, no-cache
Link: <https://acme-v02.api.letsencrypt.org/directory>;rel="index"
Replay-Nonce: fc9gadHttnWj3QnJNkW58XiH5_bKpq4mcSQa8JI1YYZnoWtmnQc
X-Frame-Options: DENY
Strict-Transport-Security: max-age=604800

{
  "identifier": {
    "type": "dns",
    "value": "accredited.co.in"
  },
  "status": "pending",
  "expires": "2026-04-01T06:26:27Z",
  "challenges": [
    {
      "type": "tls-alpn-01",
      "url": "https://acme-v02.api.letsencrypt.org/acme/chall/2889967666/678265222021/enXD0g",
      "status": "pending",
      "token": "nym_FGwAahf_mVp3LNeLtYz_NfJMIbwO4tsLeU7soMs"
    },
    {
      "type": "http-01",
      "url": "https://acme-v02.api.letsencrypt.org/acme/chall/2889967666/678265222021/nlHk5g",
      "status": "pending",
      "token": "nym_FGwAahf_mVp3LNeLtYz_NfJMIbwO4tsLeU7soMs"
    },
    {
      "type": "dns-01",
      "url": "https://acme-v02.api.letsencrypt.org/acme/chall/2889967666/678265222021/xfo1GA",
      "status": "pending",
      "token": "nym_FGwAahf_mVp3LNeLtYz_NfJMIbwO4tsLeU7soMs"
    }
  ]
}
2026-03-27 06:43:56,227:DEBUG:acme.client:Storing nonce: fc9gadHttnWj3QnJNkW58XiH5_bKpq4mcSQa8JI1YYZnoWtmnQc
2026-03-27 06:43:59,228:DEBUG:acme.client:JWS payload:
b''
2026-03-27 06:43:59,230:DEBUG:acme.client:Sending POST request to https://acme-v02.api.letsencrypt.org/acme/authz/2889967666/678265222021:
{
  "protected": "eyJhbGciOiAiUlMyNTYiLCAia2lkIjogImh0dHBzOi8vYWNtZS12MDIuYXBpLmxldHNlbmNyeXB0Lm9yZy9hY21lL2FjY3QvMjg4OTk2NzY2NiIsICJub25jZSI6ICJmYzlnYWRIdHRuV2ozUW5KTmtXNThYaUg1X2JLcHE0bWNTUWE4SkkxWVlabm9XdG1uUWMiLCAidXJsIjogImh0dHBzOi8vYWNtZS12MDIuYXBpLmxldHNlbmNyeXB0Lm9yZy9hY21lL2F1dGh6LzI4ODk5Njc2NjYvNjc4MjY1MjIyMDIxIn0",
  "signature": "l_1uVz5XTwYp_S0AyzNg_r8NN3qDT6ifAlqyTDiFJIsBIxBAN9AQhvNABpJllEEh9BAwyMoNEwFxLG48KIgSW6Ix_1nJfH21yEMqx8FRMLIfm6AN_OuMvB-R5Wj61LVvxWdlYGGBYhWCNDM8ASZ3YV-2AqBIAlLuAhhoPHrm_PiBlIU-OVfkWn5S9T0ylktFUTinY4GpixAp5e86RotqrfU3_ggAnfFiPfc0cPQ_yj6_O5T6bvhDnM0x_iLsU4WGHtgoBphf60s2VrvTGQWXfIaE0f9Hcu2SF8UCynZWUUEPJpCLzDUt80FIA7PSVnA55zGd922g2Q6ViSJYruf0WQ",
  "payload": ""
}
2026-03-27 06:43:59,492:DEBUG:urllib3.connectionpool:https://acme-v02.api.letsencrypt.org:443 "POST /acme/authz/2889967666/678265222021 HTTP/1.1" 200 824
2026-03-27 06:43:59,493:DEBUG:acme.client:Received response:
HTTP 200
Server: nginx
Date: Fri, 27 Mar 2026 06:43:59 GMT
Content-Type: application/json
Content-Length: 824
Connection: keep-alive
Boulder-Requester: 2889967666
Cache-Control: public, max-age=0, no-cache
Link: <https://acme-v02.api.letsencrypt.org/directory>;rel="index"
Replay-Nonce: fc9gadHtci77Ki3vEy8NqwQvd6MukhBL0_5NRJ39hngc8wlB-Uo
X-Frame-Options: DENY
Strict-Transport-Security: max-age=604800

{
  "identifier": {
    "type": "dns",
    "value": "accredited.co.in"
  },
  "status": "pending",
  "expires": "2026-04-01T06:26:27Z",
  "challenges": [
    {
      "type": "tls-alpn-01",
      "url": "https://acme-v02.api.letsencrypt.org/acme/chall/2889967666/678265222021/enXD0g",
      "status": "pending",
      "token": "nym_FGwAahf_mVp3LNeLtYz_NfJMIbwO4tsLeU7soMs"
    },
    {
      "type": "http-01",
      "url": "https://acme-v02.api.letsencrypt.org/acme/chall/2889967666/678265222021/nlHk5g",
      "status": "pending",
      "token": "nym_FGwAahf_mVp3LNeLtYz_NfJMIbwO4tsLeU7soMs"
    },
    {
      "type": "dns-01",
      "url": "https://acme-v02.api.letsencrypt.org/acme/chall/2889967666/678265222021/xfo1GA",
      "status": "pending",
      "token": "nym_FGwAahf_mVp3LNeLtYz_NfJMIbwO4tsLeU7soMs"
    }
  ]
}
2026-03-27 06:43:59,493:DEBUG:acme.client:Storing nonce: fc9gadHtci77Ki3vEy8NqwQvd6MukhBL0_5NRJ39hngc8wlB-Uo
2026-03-27 06:44:02,493:DEBUG:acme.client:JWS payload:
b''
2026-03-27 06:44:02,496:DEBUG:acme.client:Sending POST request to https://acme-v02.api.letsencrypt.org/acme/authz/2889967666/678265222021:
{
  "protected": "eyJhbGciOiAiUlMyNTYiLCAia2lkIjogImh0dHBzOi8vYWNtZS12MDIuYXBpLmxldHNlbmNyeXB0Lm9yZy9hY21lL2FjY3QvMjg4OTk2NzY2NiIsICJub25jZSI6ICJmYzlnYWRIdGNpNzdLaTN2RXk4TnF3UXZkNk11a2hCTDBfNU5SSjM5aG5nYzh3bEItVW8iLCAidXJsIjogImh0dHBzOi8vYWNtZS12MDIuYXBpLmxldHNlbmNyeXB0Lm9yZy9hY21lL2F1dGh6LzI4ODk5Njc2NjYvNjc4MjY1MjIyMDIxIn0",
  "signature": "0h4EbxhwfPuZZHIoLnPLF-6eDXYcyoAgG-cY6Hbv9wel0aInqp_qMuUIV9tuHQsBzd5HA_l7pJsbDjUsa-8DvN88hao7IX3bxib7nhfF822rudATVU4eLWl_LKunrV9Q-FXirAu_UXYRZnmdZh_AgxrOGY8ZNriRwdGQJWkLqp6umAm-OSt1Um0c1M6wNDSchE_d5HBI35zJMHJVa8iXwqRTmCeg9lM-5TiksXXPYvWOjH5h-J0SRolWkBttliEFM3U6orPJQqtxy3fLzBvn8K7hwcwYOaG-KcUKZZdPSm3TCOAk6DaoY5P8Izcp-3-GaUox6IJSO6MxElY2WSvyGQ",
  "payload": ""
}
2026-03-27 06:44:02,759:DEBUG:urllib3.connectionpool:https://acme-v02.api.letsencrypt.org:443 "POST /acme/authz/2889967666/678265222021 HTTP/1.1" 200 824
2026-03-27 06:44:02,760:DEBUG:acme.client:Received response:
HTTP 200
Server: nginx
Date: Fri, 27 Mar 2026 06:44:02 GMT
Content-Type: application/json
Content-Length: 824
Connection: keep-alive
Boulder-Requester: 2889967666
Cache-Control: public, max-age=0, no-cache
Link: <https://acme-v02.api.letsencrypt.org/directory>;rel="index"
Replay-Nonce: 4v7UBEuYOp-SuNOUH9_FDT6yov1CBIsFq4FPmqEb-8AMtgQPXUg
X-Frame-Options: DENY
Strict-Transport-Security: max-age=604800

{
  "identifier": {
    "type": "dns",
    "value": "accredited.co.in"
  },
  "status": "pending",
  "expires": "2026-04-01T06:26:27Z",
  "challenges": [
    {
      "type": "http-01",
      "url": "https://acme-v02.api.letsencrypt.org/acme/chall/2889967666/678265222021/nlHk5g",
      "status": "pending",
      "token": "nym_FGwAahf_mVp3LNeLtYz_NfJMIbwO4tsLeU7soMs"
    },
    {
      "type": "tls-alpn-01",
      "url": "https://acme-v02.api.letsencrypt.org/acme/chall/2889967666/678265222021/enXD0g",
      "status": "pending",
      "token": "nym_FGwAahf_mVp3LNeLtYz_NfJMIbwO4tsLeU7soMs"
    },
    {
      "type": "dns-01",
      "url": "https://acme-v02.api.letsencrypt.org/acme/chall/2889967666/678265222021/xfo1GA",
      "status": "pending",
      "token": "nym_FGwAahf_mVp3LNeLtYz_NfJMIbwO4tsLeU7soMs"
    }
  ]
}
2026-03-27 06:44:02,760:DEBUG:acme.client:Storing nonce: 4v7UBEuYOp-SuNOUH9_FDT6yov1CBIsFq4FPmqEb-8AMtgQPXUg
2026-03-27 06:44:05,761:DEBUG:acme.client:JWS payload:
b''
2026-03-27 06:44:05,763:DEBUG:acme.client:Sending POST request to https://acme-v02.api.letsencrypt.org/acme/authz/2889967666/678265222021:
{
  "protected": "eyJhbGciOiAiUlMyNTYiLCAia2lkIjogImh0dHBzOi8vYWNtZS12MDIuYXBpLmxldHNlbmNyeXB0Lm9yZy9hY21lL2FjY3QvMjg4OTk2NzY2NiIsICJub25jZSI6ICI0djdVQkV1WU9wLVN1Tk9VSDlfRkRUNnlvdjFDQklzRnE0RlBtcUViLThBTXRnUVBYVWciLCAidXJsIjogImh0dHBzOi8vYWNtZS12MDIuYXBpLmxldHNlbmNyeXB0Lm9yZy9hY21lL2F1dGh6LzI4ODk5Njc2NjYvNjc4MjY1MjIyMDIxIn0",
  "signature": "ZUj3jVZSapeomG8LR_jlVR1a4BYEfl6T_8LnMkUg82f65hQ5R5vfRS5VBwU3GxwWmz1EWDCGjjMYr-PBu-jtvz0RtCbc7tmntE-U_R_MMGZBDBUYPQDxIdTkF8WLJJ-4rq2BtUNH-id1uUCE-JHY1n-kRu6aHdxHopScYyeFEikva0FIxEUOzf7l3a6Zsx-DrWPCNz50BSZWlrK-o1M-o4sL5kzwZLDA4IF1Dhnjq8RTgj3EPj-kxqzcnQvrjT9MooHAMcxmrcKhxONkw1gGwjymVk_7qIP_LTZ3OUUVvVjFkQEAHyvLf1X2G_zlOuGr2zsHDeKFcv5ydy3Z3ogjyQ",
  "payload": ""
}
2026-03-27 06:44:06,025:DEBUG:urllib3.connectionpool:https://acme-v02.api.letsencrypt.org:443 "POST /acme/authz/2889967666/678265222021 HTTP/1.1" 200 824
2026-03-27 06:44:06,026:DEBUG:acme.client:Received response:
HTTP 200
Server: nginx
Date: Fri, 27 Mar 2026 06:44:05 GMT
Content-Type: application/json
Content-Length: 824
Connection: keep-alive
Boulder-Requester: 2889967666
Cache-Control: public, max-age=0, no-cache
Link: <https://acme-v02.api.letsencrypt.org/directory>;rel="index"
Replay-Nonce: 4v7UBEuYLCtgPNc-ShmI0y0vtd0qRIxz2rOaSjYZW8Uk_BKrOJ0
X-Frame-Options: DENY
Strict-Transport-Security: max-age=604800

{
  "identifier": {
    "type": "dns",
    "value": "accredited.co.in"
  },
  "status": "pending",
  "expires": "2026-04-01T06:26:27Z",
  "challenges": [
    {
      "type": "tls-alpn-01",
      "url": "https://acme-v02.api.letsencrypt.org/acme/chall/2889967666/678265222021/enXD0g",
      "status": "pending",
      "token": "nym_FGwAahf_mVp3LNeLtYz_NfJMIbwO4tsLeU7soMs"
    },
    {
      "type": "http-01",
      "url": "https://acme-v02.api.letsencrypt.org/acme/chall/2889967666/678265222021/nlHk5g",
      "status": "pending",
      "token": "nym_FGwAahf_mVp3LNeLtYz_NfJMIbwO4tsLeU7soMs"
    },
    {
      "type": "dns-01",
      "url": "https://acme-v02.api.letsencrypt.org/acme/chall/2889967666/678265222021/xfo1GA",
      "status": "pending",
      "token": "nym_FGwAahf_mVp3LNeLtYz_NfJMIbwO4tsLeU7soMs"
    }
  ]
}
2026-03-27 06:44:06,026:DEBUG:acme.client:Storing nonce: 4v7UBEuYLCtgPNc-ShmI0y0vtd0qRIxz2rOaSjYZW8Uk_BKrOJ0
2026-03-27 06:44:09,026:DEBUG:acme.client:JWS payload:
b''
2026-03-27 06:44:09,028:DEBUG:acme.client:Sending POST request to https://acme-v02.api.letsencrypt.org/acme/authz/2889967666/678265222021:
{
  "protected": "eyJhbGciOiAiUlMyNTYiLCAia2lkIjogImh0dHBzOi8vYWNtZS12MDIuYXBpLmxldHNlbmNyeXB0Lm9yZy9hY21lL2FjY3QvMjg4OTk2NzY2NiIsICJub25jZSI6ICI0djdVQkV1WUxDdGdQTmMtU2htSTB5MHZ0ZDBxUkl4ejJyT2FTallaVzhVa19CS3JPSjAiLCAidXJsIjogImh0dHBzOi8vYWNtZS12MDIuYXBpLmxldHNlbmNyeXB0Lm9yZy9hY21lL2F1dGh6LzI4ODk5Njc2NjYvNjc4MjY1MjIyMDIxIn0",
  "signature": "X1a6_-I20s7BRqaXefZ4Vr23w1XkBJf4uNjm9mV6hvR1vJjNWqcG3ij7P5lypdJkSpg6KyBWHre0coIMAr-Rg775T4cef21PwmTr-7vpPzURFljgm1BDjaLd57csopB1d0PLA0F-FInroGmrynnJiPbeLCmJCRKohmcCVf1Wx1bSRph-1GNo2CrUOzjp-Pt3DI-MjDfuwHjoZ7Fb6kxQbpHhn0OT5h-38tiuVH68bd7ovR_BwthlnkCS5Mprq44LXLR6V4iG1CnUvVqY0yQ-i-X9JuTcb74HmgEOuF83o9U1o_2CCtmbS4noFw59hFjLrZELrxeue4NzKvOnZa-9cA",
  "payload": ""
}
2026-03-27 06:44:09,291:DEBUG:urllib3.connectionpool:https://acme-v02.api.letsencrypt.org:443 "POST /acme/authz/2889967666/678265222021 HTTP/1.1" 200 1413
2026-03-27 06:44:09,291:DEBUG:acme.client:Received response:
HTTP 200
Server: nginx
Date: Fri, 27 Mar 2026 06:44:09 GMT
Content-Type: application/json
Content-Length: 1413
Connection: keep-alive
Boulder-Requester: 2889967666
Cache-Control: public, max-age=0, no-cache
Link: <https://acme-v02.api.letsencrypt.org/directory>;rel="index"
Replay-Nonce: fc9gadHtPd9VRV6bkdmmQ7gNcsspTm-C24UYOS23yyAN2Q4Pt0s
X-Frame-Options: DENY
Strict-Transport-Security: max-age=604800

{
  "identifier": {
    "type": "dns",
    "value": "accredited.co.in"
  },
  "status": "invalid",
  "expires": "2026-04-01T06:26:27Z",
  "challenges": [
    {
      "type": "http-01",
      "url": "https://acme-v02.api.letsencrypt.org/acme/chall/2889967666/678265222021/nlHk5g",
      "status": "invalid",
      "validated": "2026-03-27T06:43:44Z",
      "error": {
        "type": "urn:ietf:params:acme:error:caa",
        "detail": "While processing CAA for accredited.co.in: CAA record for accredited.co.in prevents issuance",
        "status": 403
      },
      "token": "nym_FGwAahf_mVp3LNeLtYz_NfJMIbwO4tsLeU7soMs",
      "validationRecord": [
        {
          "url": "http://accredited.co.in/.well-known/acme-challenge/nym_FGwAahf_mVp3LNeLtYz_NfJMIbwO4tsLeU7soMs",
          "hostname": "accredited.co.in",
          "port": "80",
          "addressesResolved": [
            "2a02:4780:111:f44:0:1b09:98ab:4",
            "68.233.112.2"
          ],
          "addressUsed": "2a02:4780:111:f44:0:1b09:98ab:4"
        },
        {
          "url": "http://accredited.co.in/.well-known/acme-challenge/nym_FGwAahf_mVp3LNeLtYz_NfJMIbwO4tsLeU7soMs",
          "hostname": "accredited.co.in",
          "port": "80",
          "addressesResolved": [
            "2a02:4780:111:f44:0:1b09:98ab:4",
            "68.233.112.2"
          ],
          "addressUsed": "68.233.112.2"
        }
      ]
    }
  ]
}
2026-03-27 06:44:09,291:DEBUG:acme.client:Storing nonce: fc9gadHtPd9VRV6bkdmmQ7gNcsspTm-C24UYOS23yyAN2Q4Pt0s
2026-03-27 06:44:09,292:INFO:certbot._internal.auth_handler:Challenge failed for domain accredited.co.in
2026-03-27 06:44:09,292:INFO:certbot._internal.auth_handler:http-01 challenge for www.accredited.co.in
2026-03-27 06:44:09,292:INFO:certbot._internal.auth_handler:http-01 challenge for accredited.co.in
2026-03-27 06:44:09,292:DEBUG:certbot._internal.display.obj:Notifying user: 
Certbot failed to authenticate some domains (authenticator: nginx). The Certificate Authority reported these problems:
  Domain: www.accredited.co.in
  Type:   caa
  Detail: While processing CAA for www.accredited.co.in: CAA record for accredited.co.in prevents issuance

  Domain: accredited.co.in
  Type:   caa
  Detail: While processing CAA for accredited.co.in: CAA record for accredited.co.in prevents issuance

Hint: The Certificate Authority failed to verify the temporary nginx configuration changes made by Certbot. Ensure the listed domains point to this nginx server and that it is accessible from the internet.

2026-03-27 06:44:09,296:DEBUG:certbot._internal.error_handler:Encountered exception:
Traceback (most recent call last):
  File "/usr/lib/python3/dist-packages/certbot/_internal/auth_handler.py", line 108, in handle_authorizations
    self._poll_authorizations(authzrs, max_retries, max_time_mins, best_effort)
  File "/usr/lib/python3/dist-packages/certbot/_internal/auth_handler.py", line 212, in _poll_authorizations
    raise errors.AuthorizationError('Some challenges have failed.')
certbot.errors.AuthorizationError: Some challenges have failed.

2026-03-27 06:44:09,296:DEBUG:certbot._internal.error_handler:Calling registered functions
2026-03-27 06:44:09,296:INFO:certbot._internal.auth_handler:Cleaning up challenges
2026-03-27 06:44:10,669:DEBUG:certbot._internal.log:Exiting abnormally:
Traceback (most recent call last):
  File "/usr/bin/certbot", line 33, in <module>
    sys.exit(load_entry_point('certbot==2.9.0', 'console_scripts', 'certbot')())
             ^^^^^^^^^^^^^^^^^^^^^^^^^^^^^^^^^^^^^^^^^^^^^^^^^^^^^^^^^^^^^^^^^^
  File "/usr/lib/python3/dist-packages/certbot/main.py", line 19, in main
    return internal_main.main(cli_args)
           ^^^^^^^^^^^^^^^^^^^^^^^^^^^^
  File "/usr/lib/python3/dist-packages/certbot/_internal/main.py", line 1894, in main
    return config.func(config, plugins)
           ^^^^^^^^^^^^^^^^^^^^^^^^^^^^
  File "/usr/lib/python3/dist-packages/certbot/_internal/main.py", line 1450, in run
    new_lineage = _get_and_save_cert(le_client, config, domains,
                  ^^^^^^^^^^^^^^^^^^^^^^^^^^^^^^^^^^^^^^^^^^^^^^
  File "/usr/lib/python3/dist-packages/certbot/_internal/main.py", line 131, in _get_and_save_cert
    renewal.renew_cert(config, domains, le_client, lineage)
  File "/usr/lib/python3/dist-packages/certbot/_internal/renewal.py", line 399, in renew_cert
    new_cert, new_chain, new_key, _ = le_client.obtain_certificate(domains, new_key)
                                      ^^^^^^^^^^^^^^^^^^^^^^^^^^^^^^^^^^^^^^^^^^^^^^
  File "/usr/lib/python3/dist-packages/certbot/_internal/client.py", line 428, in obtain_certificate
    orderr = self._get_order_and_authorizations(csr.data, self.config.allow_subset_of_names)
             ^^^^^^^^^^^^^^^^^^^^^^^^^^^^^^^^^^^^^^^^^^^^^^^^^^^^^^^^^^^^^^^^^^^^^^^^^^^^^^^
  File "/usr/lib/python3/dist-packages/certbot/_internal/client.py", line 496, in _get_order_and_authorizations
    authzr = self.auth_handler.handle_authorizations(orderr, self.config, best_effort)
             ^^^^^^^^^^^^^^^^^^^^^^^^^^^^^^^^^^^^^^^^^^^^^^^^^^^^^^^^^^^^^^^^^^^^^^^^^
  File "/usr/lib/python3/dist-packages/certbot/_internal/auth_handler.py", line 108, in handle_authorizations
    self._poll_authorizations(authzrs, max_retries, max_time_mins, best_effort)
  File "/usr/lib/python3/dist-packages/certbot/_internal/auth_handler.py", line 212, in _poll_authorizations
    raise errors.AuthorizationError('Some challenges have failed.')
certbot.errors.AuthorizationError: Some challenges have failed.
2026-03-27 06:44:10,675:ERROR:certbot._internal.log:Some challenges have failed.
